-1.53854E-09,-1.213112E-01
-1.53463E-09,-1.214388E-01
-1.53073E-09,-1.214388E-01
-1.52682E-09,-1.216939E-01
-1.52291E-09,-1.215663E-01
-1.51901E-09,-1.216939E-01
-1.51510E-09,-1.215663E-01
-1.51119E-09,-1.218214E-01
-1.50729E-09,-1.216939E-01
-1.50338E-09,-1.219490E-01
-1.49948E-09,-1.216939E-01
-1.49557E-09,-1.218214E-01
-1.49166E-09,-1.218214E-01
-1.48776E-09,-1.219490E-01
-1.48385E-09,-1.219490E-01
-1.47994E-09,-1.219490E-01
-1.47604E-09,-1.218214E-01
-1.47213E-09,-1.218214E-01
-1.46823E-09,-1.216939E-01
-1.46432E-09,-1.219490E-01
-1.46041E-09,-1.216939E-01
-1.45651E-09,-1.218214E-01
-1.45260E-09,-1.215663E-01
-1.44869E-09,-1.216939E-01
-1.44479E-09,-1.215663E-01
-1.44088E-09,-1.216939E-01
-1.43698E-09,-1.214388E-01
-1.43307E-09,-1.214388E-01
-1.42916E-09,-1.214388E-01
-1.42526E-09,-1.214388E-01
-1.42135E-09,-1.214388E-01
-1.41744E-09,-1.213112E-01
-1.41354E-09,-1.211837E-01
-1.40963E-09,-1.210561E-01
-1.40573E-09,-1.208010E-01
-1.40182E-09,-1.209286E-01
-1.39791E-09,-1.206735E-01
-1.39401E-09,-1.206735E-01
-1.39010E-09,-1.204184E-01
-1.38619E-09,-1.204184E-01
-1.38229E-09,-1.202908E-01
-1.37838E-09,-1.202908E-01
-1.37448E-09,-1.199082E-01
-1.37057E-09,-1.199082E-01
-1.36666E-09,-1.197806E-01
-1.36276E-09,-1.196531E-01
-1.35885E-09,-1.195255E-01
-1.35494E-09,-1.193980E-01
-1.35104E-09,-1.191429E-01
-1.34713E-09,-1.190153E-01
-1.34323E-09,-1.186327E-01
-1.33932E-09,-1.187602E-01
-1.33541E-09,-1.183776E-01
-1.33151E-09,-1.182500E-01
-1.32760E-09,-1.179949E-01
-1.32369E-09,-1.178673E-01
-1.31979E-09,-1.176122E-01
-1.31588E-09,-1.174847E-01
-1.31198E-09,-1.171020E-01
-1.30807E-09,-1.169745E-01
-1.30416E-09,-1.167194E-01
-1.30026E-09,-1.165918E-01
-1.29635E-09,-1.164643E-01
-1.29244E-09,-1.160816E-01
-1.28854E-09,-1.158265E-01
-1.28463E-09,-1.155714E-01
-1.28073E-09,-1.151888E-01
-1.27682E-09,-1.151888E-01
-1.27291E-09,-1.148061E-01
-1.26901E-09,-1.146786E-01
-1.26510E-09,-1.141684E-01
-1.26119E-09,-1.140408E-01
-1.25729E-09,-1.136582E-01
-1.25338E-09,-1.136582E-01
-1.24948E-09,-1.131480E-01
-1.24557E-09,-1.128929E-01
-1.24166E-09,-1.126378E-01
-1.23776E-09,-1.123827E-01
-1.23385E-09,-1.121276E-01
-1.22994E-09,-1.118724E-01
-1.22604E-09,-1.114898E-01
-1.22213E-09,-1.112347E-01
-1.21823E-09,-1.107245E-01
-1.21432E-09,-1.107245E-01
-1.21041E-09,-1.102143E-01
-1.20651E-09,-1.100867E-01
-1.20260E-09,-1.095765E-01
-1.19869E-09,-1.094490E-01
-1.19479E-09,-1.089388E-01
-1.19088E-09,-1.088112E-01
-1.18698E-09,-1.083010E-01
-1.18307E-09,-1.080459E-01
-1.17916E-09,-1.077908E-01
-1.17526E-09,-1.074082E-01
-1.17135E-09,-1.071531E-01
-1.16744E-09,-1.067704E-01
-1.16354E-09,-1.063878E-01
-1.15963E-09,-1.061327E-01
-1.15573E-09,-1.056224E-01
-1.15182E-09,-1.054949E-01
-1.14791E-09,-1.049847E-01
-1.14401E-09,-1.047296E-01
-1.14010E-09,-1.042194E-01
-1.13619E-09,-1.040918E-01
-1.13229E-09,-1.037092E-01
-1.12838E-09,-1.034541E-01
-1.12448E-09,-1.029439E-01
-1.12057E-09,-1.026888E-01
-1.11666E-09,-1.023061E-01
-1.11276E-09,-1.020510E-01
-1.10885E-09,-1.017959E-01
-1.10494E-09,-1.014133E-01
-1.10104E-09,-1.010306E-01
-1.09713E-09,-1.006480E-01
-1.09323E-09,-1.001378E-01
-1.08932E-09,-1.001378E-01
-1.08541E-09,-9.96276E-02
-1.08151E-09,-9.93724E-02
-1.07760E-09,-9.88622E-02
-1.07369E-09,-9.87347E-02
-1.06979E-09,-9.82245E-02
-1.06588E-09,-9.80969E-02
-1.06198E-09,-9.75867E-02
-1.05807E-09,-9.73316E-02
-1.05416E-09,-9.70765E-02
-1.05026E-09,-9.68214E-02
-1.04635E-09,-9.64388E-02
-1.04244E-09,-9.61837E-02
-1.03854E-09,-9.58010E-02
-1.03463E-09,-9.54184E-02
-1.03073E-09,-9.50357E-02
-1.02682E-09,-9.49082E-02
-1.02291E-09,-9.45255E-02
-1.01901E-09,-9.42704E-02
-1.01510E-09,-9.38878E-02
-1.01119E-09,-9.37602E-02
-1.00729E-09,-9.32500E-02
-1.00338E-09,-9.31224E-02
-9.9948E-10,-9.26122E-02
-9.9557E-10,-9.24847E-02
-9.9166E-10,-9.22296E-02
-9.8776E-10,-9.19745E-02
-9.8385E-10,-9.17194E-02
-9.7994E-10,-9.14643E-02
-9.7604E-10,-9.10816E-02
-9.7213E-10,-9.08265E-02
-9.6823E-10,-9.05714E-02
-9.6432E-10,-9.04439E-02
-9.6041E-10,-9.00612E-02
-9.5651E-10,-8.99337E-02
-9.5260E-10,-8.95510E-02
-9.4869E-10,-8.95510E-02
-9.4479E-10,-8.91684E-02
-9.4088E-10,-8.91684E-02
-9.3698E-10,-8.86582E-02
-9.3307E-10,-8.85306E-02
-9.2916E-10,-8.84031E-02
-9.2526E-10,-8.82755E-02
-9.2135E-10,-8.81480E-02
-9.1744E-10,-8.78929E-02
-9.1354E-10,-8.76378E-02
-9.0963E-10,-8.75102E-02
-9.0573E-10,-8.72551E-02
-9.0182E-10,-8.72551E-02
-8.9791E-10,-8.70000E-02
-8.9401E-10,-8.70000E-02
-8.9010E-10,-8.66173E-02
-8.8619E-10,-8.67449E-02
-8.8229E-10,-8.64898E-02
-8.7838E-10,-8.64898E-02
-8.7448E-10,-8.62347E-02
-8.7057E-10,-8.62347E-02
-8.6666E-10,-8.61071E-02
-8.6276E-10,-8.61071E-02
-8.5885E-10,-8.61071E-02
-8.5494E-10,-8.59796E-02
-8.5104E-10,-8.58520E-02
-8.4713E-10,-8.57245E-02
-8.4323E-10,-8.55969E-02
-8.3932E-10,-8.57245E-02
-8.3541E-10,-8.54694E-02
-8.3151E-10,-8.55969E-02
-8.2760E-10,-8.54694E-02
-8.2369E-10,-8.55969E-02
-8.1979E-10,-8.54694E-02
-8.1588E-10,-8.55969E-02
-8.1198E-10,-8.53418E-02
-8.0807E-10,-8.54694E-02
-8.0416E-10,-8.54694E-02
-8.0026E-10,-8.55969E-02
-7.9635E-10,-8.57245E-02
-7.9244E-10,-8.55969E-02
-7.8854E-10,-8.55969E-02
-7.8463E-10,-8.57245E-02
-7.8073E-10,-8.55969E-02
-7.7682E-10,-8.59796E-02
-7.7291E-10,-8.58520E-02
-7.6901E-10,-8.59796E-02
-7.6510E-10,-8.59796E-02
-7.6119E-10,-8.62347E-02
-7.5729E-10,-8.62347E-02
-7.5338E-10,-8.64898E-02
-7.4948E-10,-8.63622E-02
-7.4557E-10,-8.66173E-02
-7.4166E-10,-8.67449E-02
-7.3776E-10,-8.68724E-02
-7.3385E-10,-8.71276E-02
-7.2994E-10,-8.71276E-02
-7.2604E-10,-8.72551E-02
-7.2213E-10,-8.73827E-02
-7.1823E-10,-8.75102E-02
-7.1432E-10,-8.78929E-02
-7.1041E-10,-8.78929E-02
-7.0651E-10,-8.81480E-02
-7.0260E-10,-8.81480E-02
-6.9869E-10,-8.85306E-02
-6.9479E-10,-8.86582E-02
-6.9088E-10,-8.90408E-02
-6.8698E-10,-8.90408E-02
-6.8307E-10,-8.92959E-02
-6.7916E-10,-8.95510E-02
-6.7526E-10,-8.98061E-02
-6.7135E-10,-9.00612E-02
-6.6744E-10,-9.03163E-02
-6.6354E-10,-9.04439E-02
-6.5963E-10,-9.06990E-02
-6.5573E-10,-9.08265E-02
-6.5182E-10,-9.13367E-02
-6.4791E-10,-9.14643E-02
-6.4401E-10,-9.18469E-02
-6.4010E-10,-9.18469E-02
-6.3619E-10,-9.23571E-02
-6.3229E-10,-9.24847E-02
-6.2838E-10,-9.29949E-02
-6.2448E-10,-9.29949E-02
-6.2057E-10,-9.33776E-02
-6.1666E-10,-9.36327E-02
-6.1276E-10,-9.40153E-02
-6.0885E-10,-9.43980E-02
-6.0494E-10,-9.45255E-02
-6.0104E-10,-9.47806E-02
-5.9713E-10,-9.50357E-02
-5.9323E-10,-9.52908E-02
-5.8932E-10,-9.58010E-02
-5.8541E-10,-9.59286E-02
-5.8151E-10,-9.63112E-02
-5.7760E-10,-9.64388E-02
-5.7369E-10,-9.68214E-02
-5.6979E-10,-9.69490E-02
-5.6588E-10,-9.74592E-02
-5.6198E-10,-9.74592E-02
-5.5807E-10,-9.78418E-02
-5.5416E-10,-9.82245E-02
-5.5026E-10,-9.84796E-02
-5.4635E-10,-9.87347E-02
-5.4244E-10,-9.89898E-02
-5.3854E-10,-9.92449E-02
-5.3463E-10,-9.93724E-02
-5.3073E-10,-9.96276E-02
-5.2682E-10,-1.000102E-01
-5.2291E-10,-1.000102E-01
-5.1901E-10,-1.003929E-01
-5.1510E-10,-1.003929E-01
-5.1119E-10,-1.007755E-01
-5.0729E-10,-1.009031E-01
-5.0338E-10,-1.012857E-01
-4.9948E-10,-1.012857E-01
-4.9557E-10,-1.015408E-01
-4.9166E-10,-1.016684E-01
-4.8776E-10,-1.019235E-01
-4.8385E-10,-1.021786E-01
-4.7994E-10,-1.021786E-01
-4.7604E-10,-1.023061E-01
-4.7213E-10,-1.024337E-01
-4.6823E-10,-1.024337E-01
-4.6432E-10,-1.026888E-01
-4.6041E-10,-1.026888E-01
-4.5651E-10,-1.028163E-01
-4.5260E-10,-1.026888E-01
-4.4869E-10,-1.029439E-01
-4.4479E-10,-1.028163E-01
-4.4088E-10,-1.030714E-01
-4.3698E-10,-1.028163E-01
-4.3307E-10,-1.029439E-01
-4.2916E-10,-1.029439E-01
-4.2526E-10,-1.029439E-01
-4.2135E-10,-1.029439E-01
-4.1744E-10,-1.028163E-01
-4.1354E-10,-1.026888E-01
-4.0963E-10,-1.025612E-01
-4.0573E-10,-1.023061E-01
-4.0182E-10,-1.023061E-01
-3.9791E-10,-1.020510E-01
-3.9401E-10,-1.019235E-01
-3.9010E-10,-1.015408E-01
-3.8619E-10,-1.014133E-01
-3.8229E-10,-1.011582E-01
-3.7838E-10,-1.010306E-01
-3.7448E-10,-1.005204E-01
-3.7057E-10,-1.002653E-01
-3.6666E-10,-9.98827E-02
-3.6276E-10,-9.95000E-02
-3.5885E-10,-9.92449E-02
-3.5494E-10,-9.87347E-02
-3.5104E-10,-9.82245E-02
-3.4713E-10,-9.77143E-02
-3.4323E-10,-9.70765E-02
-3.3932E-10,-9.68214E-02
-3.3541E-10,-9.60561E-02
-3.3151E-10,-9.55459E-02
-3.2760E-10,-9.47806E-02
-3.2369E-10,-9.42704E-02
-3.1979E-10,-9.33776E-02
-3.1588E-10,-9.28673E-02
-3.1198E-10,-9.19745E-02
-3.0807E-10,-9.12092E-02
-3.0416E-10,-9.04439E-02
-3.0026E-10,-8.95510E-02
-2.9635E-10,-8.87857E-02
-2.9244E-10,-8.77653E-02
-2.8854E-10,-8.67449E-02
-2.8463E-10,-8.57245E-02
-2.8073E-10,-8.45765E-02
-2.7682E-10,-8.36837E-02
-2.7291E-10,-8.24082E-02
-2.6901E-10,-8.13878E-02
-2.6510E-10,-7.99847E-02
-2.6119E-10,-7.89643E-02
-2.5729E-10,-7.75612E-02
-2.5338E-10,-7.64133E-02
-2.4948E-10,-7.48827E-02
-2.4557E-10,-7.34796E-02
-2.4166E-10,-7.20765E-02
-2.3776E-10,-7.06735E-02
-2.3385E-10,-6.91429E-02
-2.2994E-10,-6.74847E-02
-2.2604E-10,-6.58265E-02
-2.2213E-10,-6.41684E-02
-2.1823E-10,-6.23827E-02
-2.1432E-10,-6.08520E-02
-2.1041E-10,-5.88112E-02
-2.0651E-10,-5.70255E-02
-2.0260E-10,-5.49847E-02
-1.9869E-10,-5.31990E-02
-1.9479E-10,-5.10306E-02
-1.9088E-10,-4.91173E-02
-1.8698E-10,-4.68214E-02
-1.8307E-10,-4.47806E-02
-1.7916E-10,-4.26122E-02
-1.7526E-10,-4.03163E-02
-1.7135E-10,-3.80204E-02
-1.6744E-10,-3.55969E-02
-1.6354E-10,-3.30459E-02
-1.5963E-10,-3.06224E-02
-1.5573E-10,-2.79439E-02
-1.5182E-10,-2.55204E-02
-1.4791E-10,-2.25867E-02
-1.4401E-10,-2.00357E-02
-1.4010E-10,-1.71020E-02
-1.3619E-10,-1.42959E-02
-1.3229E-10,-1.13622E-02
-1.2838E-10,-8.5561E-03
-1.2448E-10,-5.2398E-03
-1.2057E-10,-2.3061E-03
-1.1666E-10,8.827E-04
-1.1276E-10,4.0714E-03
-1.0885E-10,7.2602E-03
-1.0494E-10,1.07041E-02
-1.0104E-10,1.41480E-02
-9.713E-11,1.77194E-02
-9.323E-11,2.12908E-02
-8.932E-11,2.47347E-02
-8.541E-11,2.85612E-02
-8.151E-11,3.22602E-02
-7.760E-11,3.62143E-02
-7.369E-11,4.00408E-02
-6.979E-11,4.39949E-02
-6.588E-11,4.79490E-02
-6.198E-11,5.21582E-02
-5.807E-11,5.62398E-02
-5.416E-11,6.04490E-02
-5.026E-11,6.46582E-02
-4.635E-11,6.89949E-02
-4.244E-11,7.35867E-02
-3.854E-11,7.80510E-02
-3.463E-11,8.26429E-02
-3.073E-11,8.73622E-02
-2.682E-11,9.20816E-02
-2.291E-11,9.70561E-02
-1.901E-11,1.017755E-01
-1.510E-11,1.068776E-01
-1.119E-11,1.118520E-01
-7.29E-12,1.169541E-01
-3.38E-12,1.220561E-01
5.2E-13,1.274133E-01
4.43E-12,1.327704E-01
8.34E-12,1.381276E-01
1.224E-11,1.436122E-01
1.615E-11,1.492245E-01
2.006E-11,1.549643E-01
2.396E-11,1.607041E-01
2.787E-11,1.664439E-01
3.177E-11,1.724388E-01
3.568E-11,1.783061E-01
3.959E-11,1.845561E-01
4.349E-11,1.905510E-01
4.740E-11,1.969286E-01
5.131E-11,2.031786E-01
5.521E-11,2.095561E-01
5.912E-11,2.159337E-01
6.302E-11,2.226939E-01
6.693E-11,2.293265E-01
7.084E-11,2.359592E-01
7.474E-11,2.427194E-01
7.865E-11,2.496071E-01
8.256E-11,2.566224E-01
8.646E-11,2.636378E-01
9.037E-11,2.707806E-01
9.427E-11,2.780510E-01
9.818E-11,2.853214E-01
1.0209E-10,2.928469E-01
1.0599E-10,3.001173E-01
1.0990E-10,3.077704E-01
1.1381E-10,3.154235E-01
1.1771E-10,3.232041E-01
1.2162E-10,3.308571E-01
1.2552E-10,3.388929E-01
1.2943E-10,3.468010E-01
1.3334E-10,3.548367E-01
1.3724E-10,3.630000E-01
1.4115E-10,3.711633E-01
1.4506E-10,3.795816E-01
1.4896E-10,3.880000E-01
1.5287E-10,3.964184E-01
1.5677E-10,4.050918E-01
1.6068E-10,4.136378E-01
1.6459E-10,4.225663E-01
1.6849E-10,4.312398E-01
1.7240E-10,4.402959E-01
1.7631E-10,4.492245E-01
1.8021E-10,4.584082E-01
1.8412E-10,4.674643E-01
1.8802E-10,4.767755E-01
1.9193E-10,4.862143E-01
1.9584E-10,4.955255E-01
1.9974E-10,5.050918E-01
2.0365E-10,5.146582E-01
2.0756E-10,5.243520E-01
2.1146E-10,5.341735E-01
2.1537E-10,5.439949E-01
2.1927E-10,5.539439E-01
2.2318E-10,5.640204E-01
2.2709E-10,5.742245E-01
2.3099E-10,5.843010E-01
2.3490E-10,5.946327E-01
2.3881E-10,6.049643E-01
2.4271E-10,6.154235E-01
2.4662E-10,6.258827E-01
2.5052E-10,6.365969E-01
2.5443E-10,6.473112E-01
2.5834E-10,6.580255E-01
2.6224E-10,6.688673E-01
2.6615E-10,6.798367E-01
2.7006E-10,6.908061E-01
2.7396E-10,7.020306E-01
2.7787E-10,7.131276E-01
2.8177E-10,7.244796E-01
2.8568E-10,7.357041E-01
2.8959E-10,7.471837E-01
2.9349E-10,7.586633E-01
2.9740E-10,7.702704E-01
3.0131E-10,7.820051E-01
3.0521E-10,7.936122E-01
3.0912E-10,8.053469E-01
3.1302E-10,8.173367E-01
3.1693E-10,8.293265E-01
3.2084E-10,8.413163E-01
3.2474E-10,8.534337E-01
3.2865E-10,8.655510E-01
3.3256E-10,8.777959E-01
3.3646E-10,8.901684E-01
3.4037E-10,9.025408E-01
3.4427E-10,9.150408E-01
3.4818E-10,9.276684E-01
3.5209E-10,9.402959E-01
3.5599E-10,9.529235E-01
3.5990E-10,9.658061E-01
3.6381E-10,9.786888E-01
3.6771E-10,9.914439E-01
3.7162E-10,1.0044541E+00
3.7552E-10,1.0175918E+00
3.7943E-10,1.0307296E+00
3.8334E-10,1.0437398E+00
3.8724E-10,1.0570051E+00
3.9115E-10,1.0703980E+00
3.9506E-10,1.0837908E+00
3.9896E-10,1.0973112E+00
4.0287E-10,1.1107041E+00
4.0677E-10,1.1243520E+00
4.1068E-10,1.1380000E+00
4.1459E-10,1.1517755E+00
4.1849E-10,1.1654235E+00
4.2240E-10,1.1793265E+00
4.2631E-10,1.1932296E+00
4.3021E-10,1.2071327E+00
4.3412E-10,1.2211633E+00
4.3802E-10,1.2351939E+00
4.4193E-10,1.2493520E+00
4.4584E-10,1.2635102E+00
4.4974E-10,1.2777959E+00
4.5365E-10,1.2920816E+00
4.5756E-10,1.3063673E+00
4.6146E-10,1.3207806E+00
4.6537E-10,1.3351939E+00
4.6927E-10,1.3497347E+00
4.7318E-10,1.3642755E+00
4.7709E-10,1.3789439E+00
4.8099E-10,1.3934847E+00
4.8490E-10,1.4082806E+00
4.8881E-10,1.4230765E+00
4.9271E-10,1.4377449E+00
4.9662E-10,1.4525408E+00
5.0052E-10,1.4674643E+00
5.0443E-10,1.4823878E+00
5.0834E-10,1.4973112E+00
5.1224E-10,1.5123622E+00
5.1615E-10,1.5274133E+00
5.2006E-10,1.5424643E+00
5.2396E-10,1.5576429E+00
5.2787E-10,1.5726939E+00
5.3177E-10,1.5878724E+00
5.3568E-10,1.6031786E+00
5.3959E-10,1.6184847E+00
5.4349E-10,1.6336633E+00
5.4740E-10,1.6490969E+00
5.5131E-10,1.6645306E+00
5.5521E-10,1.6797092E+00
5.5912E-10,1.6951429E+00
5.6302E-10,1.7107041E+00
5.6693E-10,1.7262653E+00
5.7084E-10,1.7416990E+00
5.7474E-10,1.7572602E+00
5.7865E-10,1.7728214E+00
5.8256E-10,1.7883827E+00
5.8646E-10,1.8040714E+00
5.9037E-10,1.8196327E+00
5.9427E-10,1.8353214E+00
5.9818E-10,1.8510102E+00
6.0209E-10,1.8666990E+00
6.0599E-10,1.8823878E+00
6.0990E-10,1.8982041E+00
6.1381E-10,1.9140204E+00
6.1771E-10,1.9297092E+00
6.2162E-10,1.9455255E+00
6.2552E-10,1.9613418E+00
6.2943E-10,1.9771582E+00
6.3334E-10,1.9929745E+00
6.3724E-10,2.0087908E+00
6.4115E-10,2.0247347E+00
6.4506E-10,2.0405510E+00
6.4896E-10,2.0563673E+00
6.5287E-10,2.0721837E+00
6.5677E-10,2.0880000E+00
6.6068E-10,2.1040714E+00
6.6459E-10,2.1198878E+00
6.6849E-10,2.1357041E+00
6.7240E-10,2.1515204E+00
6.7631E-10,2.1675918E+00
6.8021E-10,2.1832806E+00
6.8412E-10,2.1992245E+00
6.8802E-10,2.2150408E+00
6.9193E-10,2.2309847E+00
6.9584E-10,2.2466735E+00
6.9974E-10,2.2626173E+00
7.0365E-10,2.2784337E+00
7.0756E-10,2.2942500E+00
7.1146E-10,2.3100663E+00
7.1537E-10,2.3258827E+00
7.1927E-10,2.3415714E+00
7.2318E-10,2.3575153E+00
7.2709E-10,2.3732041E+00
7.3099E-10,2.3888929E+00
7.3490E-10,2.4047092E+00
7.3881E-10,2.4205255E+00
7.4271E-10,2.4360867E+00
7.4662E-10,2.4517755E+00
7.5052E-10,2.4674643E+00
7.5443E-10,2.4831531E+00
7.5834E-10,2.4987143E+00
7.6224E-10,2.5144031E+00
7.6615E-10,2.5299643E+00
7.7006E-10,2.5455255E+00
7.7396E-10,2.5610867E+00
7.7787E-10,2.5765204E+00
7.8177E-10,2.5919541E+00
7.8568E-10,2.6075153E+00
7.8959E-10,2.6229490E+00
7.9349E-10,2.6382551E+00
7.9740E-10,2.6535612E+00
8.0131E-10,2.6691224E+00
8.0521E-10,2.6841735E+00
8.0912E-10,2.6996071E+00
8.1302E-10,2.7147857E+00
8.1693E-10,2.7299643E+00
8.2084E-10,2.7451429E+00
8.2474E-10,2.7601939E+00
8.2865E-10,2.7753724E+00
8.3256E-10,2.7904235E+00
8.3646E-10,2.8053469E+00
8.4037E-10,2.8201429E+00
8.4427E-10,2.8350663E+00
8.4818E-10,2.8501173E+00
8.5209E-10,2.8647857E+00
8.5599E-10,2.8795816E+00
8.5990E-10,2.8942500E+00
8.6381E-10,2.9090459E+00
8.6771E-10,2.9234592E+00
8.7162E-10,2.9381276E+00
8.7552E-10,2.9526684E+00
8.7943E-10,2.9672092E+00
8.8334E-10,2.9814949E+00
8.8724E-10,2.9959082E+00
8.9115E-10,3.0103214E+00
8.9506E-10,3.0244796E+00
8.9896E-10,3.0386378E+00
9.0287E-10,3.0527959E+00
9.0677E-10,3.0668265E+00
9.1068E-10,3.0809847E+00
9.1459E-10,3.0948878E+00
9.1849E-10,3.1087908E+00
9.2240E-10,3.1225663E+00
9.2631E-10,3.1364694E+00
9.3021E-10,3.1501173E+00
9.3412E-10,3.1638929E+00
9.3802E-10,3.1774133E+00
9.4193E-10,3.1910612E+00
9.4584E-10,3.2044541E+00
9.4974E-10,3.2179745E+00
9.5365E-10,3.2313673E+00
9.5756E-10,3.2446327E+00
9.6146E-10,3.2578980E+00
9.6537E-10,3.2709082E+00
9.6927E-10,3.2840459E+00
9.7318E-10,3.2971837E+00
9.7709E-10,3.3100663E+00
9.8099E-10,3.3229490E+00
9.8490E-10,3.3357041E+00
9.8881E-10,3.3487143E+00
9.9271E-10,3.3612143E+00
9.9662E-10,3.3739694E+00
1.00052E-09,3.3863418E+00
1.00443E-09,3.3989694E+00
1.00834E-09,3.4112143E+00
1.01224E-09,3.4235867E+00
1.01615E-09,3.4359592E+00
1.02006E-09,3.4480765E+00
1.02396E-09,3.4601939E+00
1.02787E-09,3.4720561E+00
1.03177E-09,3.4839184E+00
1.03568E-09,3.4960357E+00
1.03959E-09,3.5076429E+00
1.04349E-09,3.5193776E+00
1.04740E-09,3.5309847E+00
1.05131E-09,3.5427194E+00
1.05521E-09,3.5539439E+00
1.05912E-09,3.5655510E+00
1.06302E-09,3.5767755E+00
1.06693E-09,3.5881276E+00
1.07084E-09,3.5992245E+00
1.07474E-09,3.6103214E+00
1.07865E-09,3.6214184E+00
1.08256E-09,3.6322602E+00
1.08646E-09,3.6431020E+00
1.09037E-09,3.6538163E+00
1.09427E-09,3.6644031E+00
1.09818E-09,3.6752449E+00
1.10209E-09,3.6855765E+00
1.10599E-09,3.6960357E+00
1.10990E-09,3.7063673E+00
1.11381E-09,3.7168265E+00
1.11771E-09,3.7269031E+00
1.12162E-09,3.7371071E+00
1.12552E-09,3.7470561E+00
1.12943E-09,3.7571327E+00
1.13334E-09,3.7669541E+00
1.13724E-09,3.7767755E+00
1.14115E-09,3.7865969E+00
1.14506E-09,3.7961633E+00
1.14896E-09,3.8056020E+00
1.15287E-09,3.8150408E+00
1.15677E-09,3.8243520E+00
1.16068E-09,3.8339184E+00
1.16459E-09,3.8428469E+00
1.16849E-09,3.8520306E+00
1.17240E-09,3.8609592E+00
1.17631E-09,3.8701429E+00
1.18021E-09,3.8788163E+00
1.18412E-09,3.8878724E+00
1.18802E-09,3.8964184E+00
1.19193E-09,3.9050918E+00
1.19584E-09,3.9136378E+00
1.19974E-09,3.9221837E+00
1.20365E-09,3.9306020E+00
1.20756E-09,3.9388929E+00
1.21146E-09,3.9470561E+00
1.21537E-09,3.9550918E+00
1.21927E-09,3.9630000E+00
1.22318E-09,3.9712908E+00
1.22709E-09,3.9789439E+00
1.23099E-09,3.9868520E+00
1.23490E-09,3.9943776E+00
1.23881E-09,4.0022857E+00
1.24271E-09,4.0096837E+00
1.24662E-09,4.0173367E+00
1.25052E-09,4.0244796E+00
1.25443E-09,4.0320051E+00
1.25834E-09,4.0391480E+00
1.26224E-09,4.0464184E+00
1.26615E-09,4.0535612E+00
1.27006E-09,4.0604490E+00
1.27396E-09,4.0673367E+00
1.27787E-09,4.0740969E+00
1.28177E-09,4.0807296E+00
1.28568E-09,4.0877449E+00
1.28959E-09,4.0941224E+00
1.29349E-09,4.1007551E+00
1.29740E-09,4.1070051E+00
1.30131E-09,4.1136378E+00
1.30521E-09,4.1197602E+00
1.30912E-09,4.1261378E+00
1.31302E-09,4.1321327E+00
1.31693E-09,4.1382551E+00
1.32084E-09,4.1442500E+00
1.32474E-09,4.1502449E+00
1.32865E-09,4.1562398E+00
1.33256E-09,4.1618520E+00
1.33646E-09,4.1675918E+00
1.34037E-09,4.1730765E+00
1.34427E-09,4.1785612E+00
1.34818E-09,4.1843010E+00
1.35209E-09,4.1895306E+00
1.35599E-09,4.1948878E+00
1.35990E-09,4.1999898E+00
1.36381E-09,4.2054745E+00
1.36771E-09,4.2103214E+00
1.37162E-09,4.2156786E+00
1.37552E-09,4.2203980E+00
1.37943E-09,4.2255000E+00
1.38334E-09,4.2302194E+00
1.38724E-09,4.2350663E+00
1.39115E-09,4.2399133E+00
1.39506E-09,4.2445051E+00
1.39896E-09,4.2489694E+00
1.40287E-09,4.2534337E+00
1.40677E-09,4.2577704E+00
1.41068E-09,4.2624898E+00
1.41459E-09,4.2665714E+00
1.41849E-09,4.2709082E+00
1.42240E-09,4.2748622E+00
1.42631E-09,4.2793265E+00
1.43021E-09,4.2831531E+00
1.43412E-09,4.2874898E+00
1.43802E-09,4.2911888E+00
1.44193E-09,4.2951429E+00
1.44584E-09,4.2989694E+00
1.44974E-09,4.3027959E+00
1.45365E-09,4.3066224E+00
1.45756E-09,4.3101939E+00
1.46146E-09,4.3137653E+00
1.46537E-09,4.3172092E+00
1.46927E-09,4.3206531E+00
1.47318E-09,4.3243520E+00
1.47709E-09,4.3275408E+00
1.48099E-09,4.3309847E+00
1.48490E-09,4.3340459E+00
1.48881E-09,4.3374898E+00
1.49271E-09,4.3405510E+00
1.49662E-09,4.3438673E+00
1.50052E-09,4.3466735E+00
1.50443E-09,4.3498622E+00
1.50834E-09,4.3527959E+00
1.51224E-09,4.3558571E+00
1.51615E-09,4.3587908E+00
1.52006E-09,4.3615969E+00
1.52396E-09,4.3642755E+00
1.52787E-09,4.3670816E+00
1.53177E-09,4.3696327E+00
1.53568E-09,4.3725663E+00
1.53959E-09,4.3748622E+00
1.54349E-09,4.3776684E+00
1.54740E-09,4.3799643E+00
1.55131E-09,4.3826429E+00
1.55521E-09,4.3849388E+00
1.55912E-09,4.3876173E+00
1.56302E-09,4.3896582E+00
1.56693E-09,4.3920816E+00
1.57084E-09,4.3943776E+00
1.57474E-09,4.3968010E+00
1.57865E-09,4.3990969E+00
1.58256E-09,4.4011378E+00
1.58646E-09,4.4031786E+00
1.59037E-09,4.4052194E+00
1.59427E-09,4.4072602E+00
1.59818E-09,4.4095561E+00
1.60209E-09,4.4113418E+00
1.60599E-09,4.4133827E+00
1.60990E-09,4.4151684E+00
1.61381E-09,4.4173367E+00
1.61771E-09,4.4189949E+00
1.62162E-09,4.4211633E+00
1.62552E-09,4.4226939E+00
1.62943E-09,4.4246071E+00
1.63334E-09,4.4263929E+00
1.63724E-09,4.4281786E+00
1.64115E-09,4.4299643E+00
1.64506E-09,4.4314949E+00
1.64896E-09,4.4331531E+00
1.65287E-09,4.4346837E+00
1.65677E-09,4.4362143E+00
1.66068E-09,4.4381276E+00
1.66459E-09,4.4394031E+00
1.66849E-09,4.4410612E+00
1.67240E-09,4.4423367E+00
1.67631E-09,4.4441224E+00
1.68021E-09,4.4453980E+00
1.68412E-09,4.4471837E+00
1.68802E-09,4.4483316E+00
1.69193E-09,4.4498622E+00
1.69584E-09,4.4512653E+00
1.69974E-09,4.4526684E+00
1.70365E-09,4.4541990E+00
1.70756E-09,4.4554745E+00
1.71146E-09,4.4567500E+00
1.71537E-09,4.4580255E+00
1.71927E-09,4.4591735E+00
1.72318E-09,4.4607041E+00
1.72709E-09,4.4617245E+00
1.73099E-09,4.4631276E+00
1.73490E-09,4.4641480E+00
1.73881E-09,4.4656786E+00
1.74271E-09,4.4666990E+00
1.74662E-09,4.4682296E+00
1.75052E-09,4.4691224E+00
1.75443E-09,4.4705255E+00
1.75834E-09,4.4716735E+00
1.76224E-09,4.4729490E+00
1.76615E-09,4.4742245E+00
1.77006E-09,4.4752449E+00
1.77396E-09,4.4763929E+00
1.77787E-09,4.4775408E+00
1.78177E-09,4.4785612E+00
1.78568E-09,4.4799643E+00
1.78959E-09,4.4808571E+00
1.79349E-09,4.4821327E+00
1.79740E-09,4.4830255E+00
1.80131E-09,4.4844286E+00
1.80521E-09,4.4853214E+00
1.80912E-09,4.4867245E+00
1.81302E-09,4.4874898E+00
1.81693E-09,4.4887653E+00
1.82084E-09,4.4899133E+00
1.82474E-09,4.4910612E+00
1.82865E-09,4.4922092E+00
1.83256E-09,4.4932296E+00
1.83646E-09,4.4942500E+00
1.84037E-09,4.4953980E+00
1.84427E-09,4.4962908E+00
1.84818E-09,4.4976939E+00
1.85209E-09,4.4985867E+00
1.85599E-09,4.4998622E+00
1.85990E-09,4.5007551E+00
1.86381E-09,4.5020306E+00
1.86771E-09,4.5030510E+00
1.87162E-09,4.5043265E+00
1.87552E-09,4.5052194E+00
1.87943E-09,4.5064949E+00
1.88334E-09,4.5076429E+00
1.88724E-09,4.5087908E+00
1.89115E-09,4.5100663E+00
1.89506E-09,4.5110867E+00
1.89896E-09,4.5121071E+00
1.90287E-09,4.5132551E+00
1.90677E-09,4.5142755E+00
1.91068E-09,4.5158061E+00
1.91459E-09,4.5166990E+00
1.91849E-09,4.5181020E+00
1.92240E-09,4.5189949E+00
1.92631E-09,4.5203980E+00
1.93021E-09,4.5214184E+00
1.93412E-09,4.5229490E+00
1.93802E-09,4.5238418E+00
1.94193E-09,4.5252449E+00
1.94584E-09,4.5263929E+00
1.94974E-09,4.5277959E+00
1.95365E-09,4.5290714E+00
1.95756E-09,4.5302194E+00
1.96146E-09,4.5313673E+00
1.96537E-09,4.5326429E+00
1.96927E-09,4.5337908E+00
1.97318E-09,4.5353214E+00
1.97709E-09,4.5363418E+00
1.98099E-09,4.5378724E+00
1.98490E-09,4.5388929E+00
1.98881E-09,4.5404235E+00
1.99271E-09,4.5415714E+00
1.99662E-09,4.5432296E+00
2.00052E-09,4.5441224E+00
2.00443E-09,4.5456531E+00
2.00834E-09,4.5470561E+00
2.01224E-09,4.5484592E+00
2.01615E-09,4.5499898E+00
2.02006E-09,4.5512653E+00
2.02396E-09,4.5525408E+00
2.02787E-09,4.5539439E+00
2.03177E-09,4.5552194E+00
2.03568E-09,4.5570051E+00
2.03959E-09,4.5581531E+00
2.04349E-09,4.5598112E+00
2.04740E-09,4.5609592E+00
2.05131E-09,4.5627449E+00
2.05521E-09,4.5640204E+00
2.05912E-09,4.5658061E+00
2.06302E-09,4.5669541E+00
2.06693E-09,4.5686122E+00
2.07084E-09,4.5701429E+00
2.07474E-09,4.5718010E+00
2.07865E-09,4.5734592E+00
2.08256E-09,4.5748622E+00
2.08646E-09,4.5763929E+00
2.09037E-09,4.5779235E+00
2.09427E-09,4.5793265E+00
2.09818E-09,4.5813673E+00
2.10209E-09,4.5826429E+00
2.10599E-09,4.5844286E+00
2.10990E-09,4.5858316E+00
2.11381E-09,4.5877449E+00
2.11771E-09,4.5891480E+00
2.12162E-09,4.5910612E+00
2.12552E-09,4.5923367E+00
2.12943E-09,4.5942500E+00
2.13334E-09,4.5959082E+00
2.13724E-09,4.5976939E+00
2.14115E-09,4.5993520E+00
2.14506E-09,4.6010102E+00
2.14896E-09,4.6026684E+00
2.15287E-09,4.6043265E+00
2.15677E-09,4.6058571E+00
2.16068E-09,4.6080255E+00
2.16459E-09,4.6094286E+00
2.16849E-09,4.6113418E+00
2.17240E-09,4.6128724E+00
2.17631E-09,4.6149133E+00
2.18021E-09,4.6164439E+00
2.18412E-09,4.6184847E+00
2.18802E-09,4.6198878E+00
2.19193E-09,4.6219286E+00
2.19584E-09,4.6237143E+00
2.19974E-09,4.6256276E+00
2.20365E-09,4.6275408E+00
2.20756E-09,4.6291990E+00
2.21146E-09,4.6309847E+00
2.21537E-09,4.6327704E+00
2.21927E-09,4.6344286E+00
2.22318E-09,4.6365969E+00
2.22709E-09,4.6381276E+00
2.23099E-09,4.6401684E+00
2.23490E-09,4.6418265E+00
2.23881E-09,4.6438673E+00
2.24271E-09,4.6455255E+00
2.24662E-09,4.6476939E+00
2.25052E-09,4.6492245E+00
2.25443E-09,4.6512653E+00
2.25834E-09,4.6531786E+00
2.26224E-09,4.6550918E+00
2.26615E-09,4.6570051E+00
2.27006E-09,4.6587908E+00
2.27396E-09,4.6605765E+00
2.27787E-09,4.6624898E+00
2.28177E-09,4.6641480E+00
2.28568E-09,4.6664439E+00
2.28959E-09,4.6681020E+00
2.29349E-09,4.6701429E+00
2.29740E-09,4.6716735E+00
2.30131E-09,4.6738418E+00
2.30521E-09,4.6756276E+00
2.30912E-09,4.6777959E+00
2.31302E-09,4.6793265E+00
2.31693E-09,4.6813673E+00
2.32084E-09,4.6832806E+00
2.32474E-09,4.6851939E+00
2.32865E-09,4.6872347E+00
2.33256E-09,4.6890204E+00
2.33646E-09,4.6908061E+00
2.34037E-09,4.6925918E+00
2.34427E-09,4.6943776E+00
2.34818E-09,4.6965459E+00
2.35209E-09,4.6982041E+00
2.35599E-09,4.7002449E+00
2.35990E-09,4.7017755E+00
2.36381E-09,4.7039439E+00
2.36771E-09,4.7056020E+00
2.37162E-09,4.7077704E+00
2.37552E-09,4.7093010E+00
2.37943E-09,4.7113418E+00
2.38334E-09,4.7131276E+00
2.38724E-09,4.7150408E+00
2.39115E-09,4.7169541E+00
2.39506E-09,4.7187398E+00
2.39896E-09,4.7205255E+00
2.40287E-09,4.7223112E+00
2.40677E-09,4.7239694E+00
2.41068E-09,4.7261378E+00
2.41459E-09,4.7276684E+00
2.41849E-09,4.7295816E+00
2.42240E-09,4.7311122E+00
2.42631E-09,4.7331531E+00
2.43021E-09,4.7346837E+00
2.43412E-09,4.7368520E+00
2.43802E-09,4.7381276E+00
2.44193E-09,4.7401684E+00
2.44584E-09,4.7418265E+00
2.44974E-09,4.7437398E+00
2.45365E-09,4.7455255E+00
2.45756E-09,4.7471837E+00
2.46146E-09,4.7487143E+00
2.46537E-09,4.7505000E+00
2.46927E-09,4.7519031E+00
2.47318E-09,4.7540714E+00
2.47709E-09,4.7553469E+00
2.48099E-09,4.7572602E+00
2.48490E-09,4.7586633E+00
2.48881E-09,4.7605765E+00
2.49271E-09,4.7619796E+00
2.49662E-09,4.7638929E+00
2.50052E-09,4.7651684E+00
2.50443E-09,4.7669541E+00
2.50834E-09,4.7684847E+00
2.51224E-09,4.7701429E+00
2.51615E-09,4.7718010E+00
2.52006E-09,4.7733316E+00
2.52396E-09,4.7747347E+00
2.52787E-09,4.7762653E+00
2.53177E-09,4.7776684E+00
2.53568E-09,4.7795816E+00
2.53959E-09,4.7807296E+00
2.54349E-09,4.7823878E+00
2.54740E-09,4.7835357E+00
2.55131E-09,4.7853214E+00
2.55521E-09,4.7865969E+00
2.55912E-09,4.7882551E+00
2.56302E-09,4.7892755E+00
2.56693E-09,4.7909337E+00
2.57084E-09,4.7923367E+00
2.57474E-09,4.7937398E+00
2.57865E-09,4.7951429E+00
2.58256E-09,4.7964184E+00
2.58646E-09,4.7976939E+00
2.59037E-09,4.7989694E+00
2.59427E-09,4.8001173E+00
2.59818E-09,4.8017755E+00
2.60209E-09,4.8026684E+00
2.60599E-09,4.8041990E+00
2.60990E-09,4.8050918E+00
2.61381E-09,4.8066224E+00
2.61771E-09,4.8076429E+00
2.62162E-09,4.8091735E+00
2.62552E-09,4.8099388E+00
2.62943E-09,4.8112143E+00
2.63334E-09,4.8123622E+00
2.63724E-09,4.8136378E+00
2.64115E-09,4.8149133E+00
2.64506E-09,4.8158061E+00
2.64896E-09,4.8168265E+00
2.65287E-09,4.8178469E+00
2.65677E-09,4.8187398E+00
2.66068E-09,4.8201429E+00
2.66459E-09,4.8209082E+00
2.66849E-09,4.8221837E+00
2.67240E-09,4.8228214E+00
2.67631E-09,4.8240969E+00
2.68021E-09,4.8248622E+00
2.68412E-09,4.8261378E+00
2.68802E-09,4.8266480E+00
2.69193E-09,4.8277959E+00
2.69584E-09,4.8286888E+00
2.69974E-09,4.8295816E+00
2.70365E-09,4.8306020E+00
2.70756E-09,4.8313673E+00
2.71146E-09,4.8320051E+00
2.71537E-09,4.8328980E+00
2.71927E-09,4.8334082E+00
2.72318E-09,4.8345561E+00
2.72709E-09,4.8350663E+00
2.73099E-09,4.8359592E+00
2.73490E-09,4.8364694E+00
2.73881E-09,4.8374898E+00
2.74271E-09,4.8380000E+00
2.74662E-09,4.8388929E+00
2.75052E-09,4.8392755E+00
2.75443E-09,4.8400408E+00
2.75834E-09,4.8406786E+00
2.76224E-09,4.8414439E+00
2.76615E-09,4.8420816E+00
2.77006E-09,4.8425918E+00
2.77396E-09,4.8431020E+00
2.77787E-09,4.8436122E+00
2.78177E-09,4.8439949E+00
2.78568E-09,4.8448878E+00
2.78959E-09,4.8451429E+00
2.79349E-09,4.8457806E+00
2.79740E-09,4.8460357E+00
2.80131E-09,4.8468010E+00
2.80521E-09,4.8470561E+00
2.80912E-09,4.8478214E+00
2.81302E-09,4.8478214E+00
2.81693E-09,4.8484592E+00
2.82084E-09,4.8488418E+00
2.82474E-09,4.8493520E+00
2.82865E-09,4.8498622E+00
2.83256E-09,4.8501173E+00
2.83646E-09,4.8503724E+00
2.84037E-09,4.8506276E+00
2.84427E-09,4.8507551E+00
2.84818E-09,4.8515204E+00
2.85209E-09,4.8515204E+00
2.85599E-09,4.8519031E+00
2.85990E-09,4.8519031E+00
2.86381E-09,4.8524133E+00
2.86771E-09,4.8525408E+00
2.87162E-09,4.8530510E+00
2.87552E-09,4.8527959E+00
2.87943E-09,4.8531786E+00
2.88334E-09,4.8533061E+00
2.88724E-09,4.8536888E+00
2.89115E-09,4.8538163E+00
2.89506E-09,4.8539439E+00
2.89896E-09,4.8539439E+00
2.90287E-09,4.8540714E+00
2.90677E-09,4.8539439E+00
2.91068E-09,4.8544541E+00
2.91459E-09,4.8541990E+00
2.91849E-09,4.8544541E+00
2.92240E-09,4.8541990E+00
2.92631E-09,4.8545816E+00
2.93021E-09,4.8544541E+00
2.93412E-09,4.8547092E+00
2.93802E-09,4.8543265E+00
2.94193E-09,4.8545816E+00
2.94584E-09,4.8545816E+00
2.94974E-09,4.8547092E+00
2.95365E-09,4.8547092E+00
2.95756E-09,4.8545816E+00
2.96146E-09,4.8544541E+00
2.96537E-09,4.8544541E+00
2.96927E-09,4.8541990E+00
2.97318E-09,4.8544541E+00
2.97709E-09,4.8541990E+00
2.98099E-09,4.8541990E+00
2.98490E-09,4.8539439E+00
2.98881E-09,4.8540714E+00
2.99271E-09,4.8538163E+00
2.99662E-09,4.8539439E+00
3.00052E-09,4.8534337E+00
3.00443E-09,4.8535612E+00
3.00834E-09,4.8534337E+00
3.01224E-09,4.8533061E+00
3.01615E-09,4.8533061E+00
3.02006E-09,4.8530510E+00
3.02396E-09,4.8527959E+00
3.02787E-09,4.8526684E+00
3.03177E-09,4.8522857E+00
3.03568E-09,4.8524133E+00
3.03959E-09,4.8520306E+00
3.04349E-09,4.8520306E+00
3.04740E-09,4.8515204E+00
3.05131E-09,4.8516480E+00
3.05521E-09,4.8511378E+00
3.05912E-09,4.8512653E+00
3.06302E-09,4.8506276E+00
3.06693E-09,4.8506276E+00
3.07084E-09,4.8503724E+00
3.07474E-09,4.8502449E+00
3.07865E-09,4.8501173E+00
3.08256E-09,4.8497347E+00
3.08646E-09,4.8494796E+00
3.09037E-09,4.8492245E+00
3.09427E-09,4.8487143E+00
3.09818E-09,4.8488418E+00
3.10209E-09,4.8483316E+00
3.10599E-09,4.8483316E+00
3.10990E-09,4.8476939E+00
3.11381E-09,4.8476939E+00
3.11771E-09,4.8473112E+00
3.12162E-09,4.8473112E+00
3.12552E-09,4.8466735E+00
3.12943E-09,4.8465459E+00
3.13334E-09,4.8462908E+00
3.13724E-09,4.8461633E+00
3.14115E-09,4.8460357E+00
3.14506E-09,4.8456531E+00
3.14896E-09,4.8452704E+00
3.15287E-09,4.8450153E+00
3.15677E-09,4.8445051E+00
3.16068E-09,4.8446327E+00
3.16459E-09,4.8439949E+00
3.16849E-09,4.8439949E+00
3.17240E-09,4.8433571E+00
3.17631E-09,4.8434847E+00
3.18021E-09,4.8429745E+00
3.18412E-09,4.8429745E+00
3.18802E-09,4.8423367E+00
3.19193E-09,4.8423367E+00
3.19584E-09,4.8419541E+00
3.19974E-09,4.8418265E+00
3.20365E-09,4.8416990E+00
3.20756E-09,4.8413163E+00
3.21146E-09,4.8409337E+00
3.21537E-09,4.8406786E+00
3.21927E-09,4.8402959E+00
3.22318E-09,4.8404235E+00
3.22709E-09,4.8397857E+00
3.23099E-09,4.8397857E+00
3.23490E-09,4.8392755E+00
3.23881E-09,4.8392755E+00
3.24271E-09,4.8388929E+00
3.24662E-09,4.8388929E+00
3.25052E-09,4.8382551E+00
3.25443E-09,4.8382551E+00
3.25834E-09,4.8380000E+00
3.26224E-09,4.8378724E+00
3.26615E-09,4.8377449E+00
3.27006E-09,4.8374898E+00
3.27396E-09,4.8372347E+00
3.27787E-09,4.8369796E+00
3.28177E-09,4.8365969E+00
3.28568E-09,4.8367245E+00
3.28959E-09,4.8363418E+00
3.29349E-09,4.8363418E+00
3.29740E-09,4.8358316E+00
3.30131E-09,4.8359592E+00
3.30521E-09,4.8355765E+00
3.30912E-09,4.8357041E+00
3.31302E-09,4.8351939E+00
3.31693E-09,4.8351939E+00
3.32084E-09,4.8350663E+00
3.32474E-09,4.8350663E+00
3.32865E-09,4.8349388E+00
3.33256E-09,4.8348112E+00
3.33646E-09,4.8345561E+00
3.34037E-09,4.8344286E+00
3.34427E-09,4.8340459E+00
3.34818E-09,4.8344286E+00
3.35209E-09,4.8340459E+00
3.35599E-09,4.8340459E+00
3.35990E-09,4.8336633E+00
3.36381E-09,4.8339184E+00
3.36771E-09,4.8336633E+00
3.37162E-09,4.8339184E+00
3.37552E-09,4.8334082E+00
3.37943E-09,4.8335357E+00
3.38334E-09,4.8335357E+00
3.38724E-09,4.8335357E+00
3.39115E-09,4.8335357E+00
3.39506E-09,4.8334082E+00
3.39896E-09,4.8332806E+00
3.40287E-09,4.8332806E+00
3.40677E-09,4.8330255E+00
3.41068E-09,4.8334082E+00
3.41459E-09,4.8331531E+00
3.41849E-09,4.8332806E+00
3.42240E-09,4.8330255E+00
3.42631E-09,4.8334082E+00
3.43021E-09,4.8331531E+00
3.43412E-09,4.8335357E+00
3.43802E-09,4.8331531E+00
3.44193E-09,4.8334082E+00
3.44584E-09,4.8334082E+00
3.44974E-09,4.8335357E+00
3.45365E-09,4.8337908E+00
3.45756E-09,4.8336633E+00
