-4.57338E-09,-8.923469E-02
-4.56556E-09,-8.936224E-02
-4.55775E-09,-8.948980E-02
-4.54994E-09,-8.948980E-02
-4.54213E-09,-8.942602E-02
-4.53431E-09,-8.955357E-02
-4.52650E-09,-8.961735E-02
-4.51869E-09,-8.974490E-02
-4.51088E-09,-8.987245E-02
-4.50306E-09,-9.006378E-02
-4.49525E-09,-9.025510E-02
-4.48744E-09,-9.031888E-02
-4.47963E-09,-9.038265E-02
-4.47181E-09,-9.057398E-02
-4.46400E-09,-9.063776E-02
-4.45619E-09,-9.082908E-02
-4.44838E-09,-9.095663E-02
-4.44056E-09,-9.114796E-02
-4.43275E-09,-9.140306E-02
-4.42494E-09,-9.140306E-02
-4.41713E-09,-9.146684E-02
-4.40931E-09,-9.165816E-02
-4.40150E-09,-9.172194E-02
-4.39369E-09,-9.191327E-02
-4.38588E-09,-9.197704E-02
-4.37806E-09,-9.216837E-02
-4.37025E-09,-9.235969E-02
-4.36244E-09,-9.235969E-02
-4.35463E-09,-9.235969E-02
-4.34681E-09,-9.248724E-02
-4.33900E-09,-9.248724E-02
-4.33119E-09,-9.261480E-02
-4.32338E-09,-9.261480E-02
-4.31556E-09,-9.274235E-02
-4.30775E-09,-9.280612E-02
-4.29994E-09,-9.274235E-02
-4.29213E-09,-9.267857E-02
-4.28431E-09,-9.267857E-02
-4.27650E-09,-9.261480E-02
-4.26869E-09,-9.261480E-02
-4.26088E-09,-9.255102E-02
-4.25306E-09,-9.255102E-02
-4.24525E-09,-9.255102E-02
-4.23744E-09,-9.235969E-02
-4.22963E-09,-9.216837E-02
-4.22181E-09,-9.210459E-02
-4.21400E-09,-9.191327E-02
-4.20619E-09,-9.184949E-02
-4.19838E-09,-9.165816E-02
-4.19056E-09,-9.159439E-02
-4.18275E-09,-9.153061E-02
-4.17494E-09,-9.127551E-02
-4.16713E-09,-9.102041E-02
-4.15931E-09,-9.089286E-02
-4.15150E-09,-9.070153E-02
-4.14369E-09,-9.057398E-02
-4.13588E-09,-9.038265E-02
-4.12806E-09,-9.031888E-02
-4.12025E-09,-9.025510E-02
-4.11244E-09,-9.000000E-02
-4.10463E-09,-8.980867E-02
-4.09681E-09,-8.968112E-02
-4.08900E-09,-8.948980E-02
-4.08119E-09,-8.942602E-02
-4.07338E-09,-8.923469E-02
-4.06556E-09,-8.923469E-02
-4.05775E-09,-8.923469E-02
-4.04994E-09,-8.904337E-02
-4.04213E-09,-8.885204E-02
-4.03431E-09,-8.885204E-02
-4.02650E-09,-8.872449E-02
-4.01869E-09,-8.872449E-02
-4.01088E-09,-8.859694E-02
-4.00306E-09,-8.866071E-02
-3.99525E-09,-8.872449E-02
-3.98744E-09,-8.859694E-02
-3.97963E-09,-8.853316E-02
-3.97181E-09,-8.859694E-02
-3.96400E-09,-8.853316E-02
-3.95619E-09,-8.859694E-02
-3.94838E-09,-8.859694E-02
-3.94056E-09,-8.872449E-02
-3.93275E-09,-8.885204E-02
-3.92494E-09,-8.885204E-02
-3.91713E-09,-8.885204E-02
-3.90931E-09,-8.891582E-02
-3.90150E-09,-8.897959E-02
-3.89369E-09,-8.910714E-02
-3.88588E-09,-8.917092E-02
-3.87806E-09,-8.936224E-02
-3.87025E-09,-8.955357E-02
-3.86244E-09,-8.961735E-02
-3.85463E-09,-8.961735E-02
-3.84681E-09,-8.980867E-02
-3.83900E-09,-8.987245E-02
-3.83119E-09,-9.006378E-02
-3.82338E-09,-9.012755E-02
-3.81556E-09,-9.031888E-02
-3.80775E-09,-9.051020E-02
-3.79994E-09,-9.057398E-02
-3.79213E-09,-9.063776E-02
-3.78431E-09,-9.076531E-02
-3.77650E-09,-9.082908E-02
-3.76869E-09,-9.102041E-02
-3.76088E-09,-9.108418E-02
-3.75306E-09,-9.127551E-02
-3.74525E-09,-9.146684E-02
-3.73744E-09,-9.153061E-02
-3.72963E-09,-9.153061E-02
-3.72181E-09,-9.165816E-02
-3.71400E-09,-9.172194E-02
-3.70619E-09,-9.184949E-02
-3.69838E-09,-9.191327E-02
-3.69056E-09,-9.210459E-02
-3.68275E-09,-9.223214E-02
-3.67494E-09,-9.223214E-02
-3.66713E-09,-9.223214E-02
-3.65931E-09,-9.229592E-02
-3.65150E-09,-9.229592E-02
-3.64369E-09,-9.242347E-02
-3.63588E-09,-9.242347E-02
-3.62806E-09,-9.255102E-02
-3.62025E-09,-9.261480E-02
-3.61244E-09,-9.255102E-02
-3.60463E-09,-9.248724E-02
-3.59681E-09,-9.255102E-02
-3.58900E-09,-9.248724E-02
-3.58119E-09,-9.255102E-02
-3.57338E-09,-9.248724E-02
-3.56556E-09,-9.255102E-02
-3.55775E-09,-9.255102E-02
-3.54994E-09,-9.242347E-02
-3.54213E-09,-9.229592E-02
-3.53431E-09,-9.229592E-02
-3.52650E-09,-9.216837E-02
-3.51869E-09,-9.216837E-02
-3.51088E-09,-9.204082E-02
-3.50306E-09,-9.204082E-02
-3.49525E-09,-9.204082E-02
-3.48744E-09,-9.184949E-02
-3.47963E-09,-9.165816E-02
-3.47181E-09,-9.159439E-02
-3.46400E-09,-9.146684E-02
-3.45619E-09,-9.140306E-02
-3.44838E-09,-9.127551E-02
-3.44056E-09,-9.121173E-02
-3.43275E-09,-9.121173E-02
-3.42494E-09,-9.102041E-02
-3.41713E-09,-9.082908E-02
-3.40931E-09,-9.076531E-02
-3.40150E-09,-9.057398E-02
-3.39369E-09,-9.051020E-02
-3.38588E-09,-9.031888E-02
-3.37806E-09,-9.031888E-02
-3.37025E-09,-9.031888E-02
-3.36244E-09,-9.012755E-02
-3.35463E-09,-8.993622E-02
-3.34681E-09,-8.987245E-02
-3.33900E-09,-8.974490E-02
-3.33119E-09,-8.974490E-02
-3.32338E-09,-8.961735E-02
-3.31556E-09,-8.961735E-02
-3.30775E-09,-8.968112E-02
-3.29994E-09,-8.955357E-02
-3.29213E-09,-8.942602E-02
-3.28431E-09,-8.942602E-02
-3.27650E-09,-8.936224E-02
-3.26869E-09,-8.936224E-02
-3.26088E-09,-8.936224E-02
-3.25306E-09,-8.942602E-02
-3.24525E-09,-8.955357E-02
-3.23744E-09,-8.948980E-02
-3.22963E-09,-8.942602E-02
-3.22181E-09,-8.948980E-02
-3.21400E-09,-8.948980E-02
-3.20619E-09,-8.961735E-02
-3.19838E-09,-8.961735E-02
-3.19056E-09,-8.980867E-02
-3.18275E-09,-8.993622E-02
-3.17494E-09,-8.993622E-02
-3.16713E-09,-8.993622E-02
-3.15931E-09,-9.006378E-02
-3.15150E-09,-9.012755E-02
-3.14369E-09,-9.025510E-02
-3.13588E-09,-9.031888E-02
-3.12806E-09,-9.051020E-02
-3.12025E-09,-9.070153E-02
-3.11244E-09,-9.070153E-02
-3.10463E-09,-9.070153E-02
-3.09681E-09,-9.082908E-02
-3.08900E-09,-9.082908E-02
-3.08119E-09,-9.095663E-02
-3.07338E-09,-9.102041E-02
-3.06556E-09,-9.114796E-02
-3.05775E-09,-9.127551E-02
-3.04994E-09,-9.127551E-02
-3.04213E-09,-9.121173E-02
-3.03431E-09,-9.127551E-02
-3.02650E-09,-9.127551E-02
-3.01869E-09,-9.133929E-02
-3.01088E-09,-9.133929E-02
-3.00306E-09,-9.140306E-02
-2.99525E-09,-9.146684E-02
-2.98744E-09,-9.140306E-02
-2.97963E-09,-9.127551E-02
-2.97181E-09,-9.127551E-02
-2.96400E-09,-9.114796E-02
-2.95619E-09,-9.114796E-02
-2.94838E-09,-9.102041E-02
-2.94056E-09,-9.102041E-02
-2.93275E-09,-9.095663E-02
-2.92494E-09,-9.076531E-02
-2.91713E-09,-9.057398E-02
-2.90931E-09,-9.051020E-02
-2.90150E-09,-9.031888E-02
-2.89369E-09,-9.025510E-02
-2.88588E-09,-9.006378E-02
-2.87806E-09,-9.000000E-02
-2.87025E-09,-8.993622E-02
-2.86244E-09,-8.968112E-02
-2.85463E-09,-8.948980E-02
-2.84681E-09,-8.936224E-02
-2.83900E-09,-8.917092E-02
-2.83119E-09,-8.910714E-02
-2.82338E-09,-8.891582E-02
-2.81556E-09,-8.885204E-02
-2.80775E-09,-8.878827E-02
-2.79994E-09,-8.853316E-02
-2.79213E-09,-8.834184E-02
-2.78431E-09,-8.827806E-02
-2.77650E-09,-8.808673E-02
-2.76869E-09,-8.802296E-02
-2.76088E-09,-8.789541E-02
-2.75306E-09,-8.789541E-02
-2.74525E-09,-8.789541E-02
-2.73744E-09,-8.776786E-02
-2.72963E-09,-8.757653E-02
-2.72181E-09,-8.757653E-02
-2.71400E-09,-8.751276E-02
-2.70619E-09,-8.757653E-02
-2.69838E-09,-8.751276E-02
-2.69056E-09,-8.757653E-02
-2.68275E-09,-8.770408E-02
-2.67494E-09,-8.764031E-02
-2.66713E-09,-8.757653E-02
-2.65931E-09,-8.770408E-02
-2.65150E-09,-8.770408E-02
-2.64369E-09,-8.783163E-02
-2.63588E-09,-8.783163E-02
-2.62806E-09,-8.802296E-02
-2.62025E-09,-8.821429E-02
-2.61244E-09,-8.821429E-02
-2.60463E-09,-8.821429E-02
-2.59681E-09,-8.834184E-02
-2.58900E-09,-8.840561E-02
-2.58119E-09,-8.859694E-02
-2.57338E-09,-8.866071E-02
-2.56556E-09,-8.885204E-02
-2.55775E-09,-8.904337E-02
-2.54994E-09,-8.904337E-02
-2.54213E-09,-8.910714E-02
-2.53431E-09,-8.923469E-02
-2.52650E-09,-8.929847E-02
-2.51869E-09,-8.942602E-02
-2.51088E-09,-8.948980E-02
-2.50306E-09,-8.968112E-02
-2.49525E-09,-8.980867E-02
-2.48744E-09,-8.980867E-02
-2.47963E-09,-8.980867E-02
-2.47181E-09,-8.987245E-02
-2.46400E-09,-8.987245E-02
-2.45619E-09,-9.000000E-02
-2.44838E-09,-8.993622E-02
-2.44056E-09,-9.006378E-02
-2.43275E-09,-9.012755E-02
-2.42494E-09,-9.006378E-02
-2.41713E-09,-8.993622E-02
-2.40931E-09,-8.993622E-02
-2.40150E-09,-8.987245E-02
-2.39369E-09,-8.987245E-02
-2.38588E-09,-8.980867E-02
-2.37806E-09,-8.980867E-02
-2.37025E-09,-8.987245E-02
-2.36244E-09,-8.968112E-02
-2.35463E-09,-8.955357E-02
-2.34681E-09,-8.948980E-02
-2.33900E-09,-8.936224E-02
-2.33119E-09,-8.936224E-02
-2.32338E-09,-8.923469E-02
-2.31556E-09,-8.917092E-02
-2.30775E-09,-8.917092E-02
-2.29994E-09,-8.904337E-02
-2.29213E-09,-8.885204E-02
-2.28431E-09,-8.878827E-02
-2.27650E-09,-8.866071E-02
-2.26869E-09,-8.866071E-02
-2.26088E-09,-8.853316E-02
-2.25306E-09,-8.853316E-02
-2.24525E-09,-8.853316E-02
-2.23744E-09,-8.840561E-02
-2.22963E-09,-8.827806E-02
-2.22181E-09,-8.827806E-02
-2.21400E-09,-8.821429E-02
-2.20619E-09,-8.827806E-02
-2.19838E-09,-8.821429E-02
-2.19056E-09,-8.827806E-02
-2.18275E-09,-8.840561E-02
-2.17494E-09,-8.834184E-02
-2.16713E-09,-8.827806E-02
-2.15931E-09,-8.834184E-02
-2.15150E-09,-8.834184E-02
-2.14369E-09,-8.846939E-02
-2.13588E-09,-8.846939E-02
-2.12806E-09,-8.859694E-02
-2.12025E-09,-8.878827E-02
-2.11244E-09,-8.878827E-02
-2.10463E-09,-8.878827E-02
-2.09681E-09,-8.897959E-02
-2.08900E-09,-8.904337E-02
-2.08119E-09,-8.923469E-02
-2.07338E-09,-8.929847E-02
-2.06556E-09,-8.955357E-02
-2.05775E-09,-8.980867E-02
-2.04994E-09,-8.987245E-02
-2.04213E-09,-8.993622E-02
-2.03431E-09,-9.012755E-02
-2.02650E-09,-9.025510E-02
-2.01869E-09,-9.044643E-02
-2.01088E-09,-9.057398E-02
-2.00306E-09,-9.082908E-02
-1.99525E-09,-9.102041E-02
-1.98744E-09,-9.108418E-02
-1.97963E-09,-9.114796E-02
-1.97181E-09,-9.133929E-02
-1.96400E-09,-9.140306E-02
-1.95619E-09,-9.159439E-02
-1.94838E-09,-9.165816E-02
-1.94056E-09,-9.184949E-02
-1.93275E-09,-9.197704E-02
-1.92494E-09,-9.204082E-02
-1.91713E-09,-9.204082E-02
-1.90931E-09,-9.216837E-02
-1.90150E-09,-9.216837E-02
-1.89369E-09,-9.229592E-02
-1.88588E-09,-9.229592E-02
-1.87806E-09,-9.242347E-02
-1.87025E-09,-9.255102E-02
-1.86244E-09,-9.255102E-02
-1.85463E-09,-9.248724E-02
-1.84681E-09,-9.255102E-02
-1.83900E-09,-9.248724E-02
-1.83119E-09,-9.255102E-02
-1.82338E-09,-9.248724E-02
-1.81556E-09,-9.255102E-02
-1.80775E-09,-9.261480E-02
-1.79994E-09,-9.248724E-02
-1.79213E-09,-9.242347E-02
-1.78431E-09,-9.242347E-02
-1.77650E-09,-9.229592E-02
-1.76869E-09,-9.229592E-02
-1.76088E-09,-9.223214E-02
-1.75306E-09,-9.229592E-02
-1.74525E-09,-9.229592E-02
-1.73744E-09,-9.216837E-02
-1.72963E-09,-9.204082E-02
-1.72181E-09,-9.204082E-02
-1.71400E-09,-9.191327E-02
-1.70619E-09,-9.191327E-02
-1.69838E-09,-9.178571E-02
-1.69056E-09,-9.184949E-02
-1.68275E-09,-9.184949E-02
-1.67494E-09,-9.172194E-02
-1.66713E-09,-9.153061E-02
-1.65931E-09,-9.153061E-02
-1.65150E-09,-9.140306E-02
-1.64369E-09,-9.140306E-02
-1.63588E-09,-9.127551E-02
-1.62806E-09,-9.127551E-02
-1.62025E-09,-9.133929E-02
-1.61244E-09,-9.114796E-02
-1.60463E-09,-9.102041E-02
-1.59681E-09,-9.102041E-02
-1.58900E-09,-9.089286E-02
-1.58119E-09,-9.089286E-02
-1.57338E-09,-9.076531E-02
-1.56556E-09,-9.076531E-02
-1.55775E-09,-9.082908E-02
-1.54994E-09,-9.063776E-02
-1.54213E-09,-9.051020E-02
-1.53431E-09,-9.044643E-02
-1.52650E-09,-9.031888E-02
-1.51869E-09,-9.025510E-02
-1.51088E-09,-9.012755E-02
-1.50306E-09,-9.012755E-02
-1.49525E-09,-9.012755E-02
-1.48744E-09,-8.993622E-02
-1.47963E-09,-8.974490E-02
-1.47181E-09,-8.968112E-02
-1.46400E-09,-8.955357E-02
-1.45619E-09,-8.948980E-02
-1.44838E-09,-8.936224E-02
-1.44056E-09,-8.936224E-02
-1.43275E-09,-8.936224E-02
-1.42494E-09,-8.917092E-02
-1.41713E-09,-8.904337E-02
-1.40931E-09,-8.897959E-02
-1.40150E-09,-8.885204E-02
-1.39369E-09,-8.878827E-02
-1.38588E-09,-8.872449E-02
-1.37806E-09,-8.872449E-02
-1.37025E-09,-8.872449E-02
-1.36244E-09,-8.859694E-02
-1.35463E-09,-8.846939E-02
-1.34681E-09,-8.846939E-02
-1.33900E-09,-8.840561E-02
-1.33119E-09,-8.846939E-02
-1.32338E-09,-8.840561E-02
-1.31556E-09,-8.846939E-02
-1.30775E-09,-8.859694E-02
-1.29994E-09,-8.853316E-02
-1.29213E-09,-8.846939E-02
-1.28431E-09,-8.859694E-02
-1.27650E-09,-8.859694E-02
-1.26869E-09,-8.872449E-02
-1.26088E-09,-8.878827E-02
-1.25306E-09,-8.897959E-02
-1.24525E-09,-8.917092E-02
-1.23744E-09,-8.917092E-02
-1.22963E-09,-8.923469E-02
-1.22181E-09,-8.942602E-02
-1.21400E-09,-8.955357E-02
-1.20619E-09,-8.980867E-02
-1.19838E-09,-8.993622E-02
-1.19056E-09,-9.019133E-02
-1.18275E-09,-9.051020E-02
-1.17494E-09,-9.063776E-02
-1.16713E-09,-9.070153E-02
-1.15931E-09,-9.095663E-02
-1.15150E-09,-9.114796E-02
-1.14369E-09,-9.140306E-02
-1.13588E-09,-9.153061E-02
-1.12806E-09,-9.184949E-02
-1.12025E-09,-9.210459E-02
-1.11244E-09,-9.223214E-02
-1.10463E-09,-9.235969E-02
-1.09681E-09,-9.255102E-02
-1.08900E-09,-9.267857E-02
-1.08119E-09,-9.293367E-02
-1.07338E-09,-9.299745E-02
-1.06556E-09,-9.325255E-02
-1.05775E-09,-9.344388E-02
-1.04994E-09,-9.350765E-02
-1.04213E-09,-9.350765E-02
-1.03431E-09,-9.363520E-02
-1.02650E-09,-9.369898E-02
-1.01869E-09,-9.376276E-02
-1.01088E-09,-9.376276E-02
-1.00306E-09,-9.389031E-02
-9.9525E-10,-9.395408E-02
-9.8744E-10,-9.389031E-02
-9.7963E-10,-9.376276E-02
-9.7181E-10,-9.376276E-02
-9.6400E-10,-9.363520E-02
-9.5619E-10,-9.357143E-02
-9.4838E-10,-9.344388E-02
-9.4056E-10,-9.344388E-02
-9.3275E-10,-9.338010E-02
-9.2494E-10,-9.312500E-02
-9.1713E-10,-9.293367E-02
-9.0931E-10,-9.280612E-02
-9.0150E-10,-9.255102E-02
-8.9369E-10,-9.242347E-02
-8.8588E-10,-9.216837E-02
-8.7806E-10,-9.204082E-02
-8.7025E-10,-9.191327E-02
-8.6244E-10,-9.165816E-02
-8.5463E-10,-9.133929E-02
-8.4681E-10,-9.121173E-02
-8.3900E-10,-9.095663E-02
-8.3119E-10,-9.076531E-02
-8.2338E-10,-9.057398E-02
-8.1556E-10,-9.044643E-02
-8.0775E-10,-9.038265E-02
-7.9994E-10,-9.012755E-02
-7.9213E-10,-8.987245E-02
-7.8431E-10,-8.974490E-02
-7.7650E-10,-8.955357E-02
-7.6869E-10,-8.942602E-02
-7.6088E-10,-8.929847E-02
-7.5306E-10,-8.923469E-02
-7.4525E-10,-8.923469E-02
-7.3744E-10,-8.904337E-02
-7.2963E-10,-8.891582E-02
-7.2181E-10,-8.885204E-02
-7.1400E-10,-8.872449E-02
-7.0619E-10,-8.872449E-02
-6.9838E-10,-8.866071E-02
-6.9056E-10,-8.872449E-02
-6.8275E-10,-8.872449E-02
-6.7494E-10,-8.866071E-02
-6.6713E-10,-8.853316E-02
-6.5931E-10,-8.859694E-02
-6.5150E-10,-8.853316E-02
-6.4369E-10,-8.859694E-02
-6.3588E-10,-8.853316E-02
-6.2806E-10,-8.859694E-02
-6.2025E-10,-8.872449E-02
-6.1244E-10,-8.859694E-02
-6.0463E-10,-8.853316E-02
-5.9681E-10,-8.846939E-02
-5.8900E-10,-8.840561E-02
-5.8119E-10,-8.834184E-02
-5.7338E-10,-8.827806E-02
-5.6556E-10,-8.821429E-02
-5.5775E-10,-8.815051E-02
-5.4994E-10,-8.789541E-02
-5.4213E-10,-8.764031E-02
-5.3431E-10,-8.744898E-02
-5.2650E-10,-8.713010E-02
-5.1869E-10,-8.687500E-02
-5.1088E-10,-8.655612E-02
-5.0306E-10,-8.630102E-02
-4.9525E-10,-8.591837E-02
-4.8744E-10,-8.540816E-02
-4.7963E-10,-8.483418E-02
-4.7181E-10,-8.432398E-02
-4.6400E-10,-8.375000E-02
-4.5619E-10,-8.317602E-02
-4.4838E-10,-8.247449E-02
-4.4056E-10,-8.177296E-02
-4.3275E-10,-8.107143E-02
-4.2494E-10,-8.017857E-02
-4.1713E-10,-7.922194E-02
-4.0931E-10,-7.826531E-02
-4.0150E-10,-7.718112E-02
-3.9369E-10,-7.609694E-02
-3.8588E-10,-7.494898E-02
-3.7806E-10,-7.380102E-02
-3.7025E-10,-7.258929E-02
-3.6244E-10,-7.112245E-02
-3.5463E-10,-6.959184E-02
-3.4681E-10,-6.812500E-02
-3.3900E-10,-6.646684E-02
-3.3119E-10,-6.487245E-02
-3.2338E-10,-6.308673E-02
-3.1556E-10,-6.130102E-02
-3.0775E-10,-5.945153E-02
-2.9994E-10,-5.734694E-02
-2.9213E-10,-5.517857E-02
-2.8431E-10,-5.301020E-02
-2.7650E-10,-5.065051E-02
-2.6869E-10,-4.829082E-02
-2.6088E-10,-4.580357E-02
-2.5306E-10,-4.325255E-02
-2.4525E-10,-4.057398E-02
-2.3744E-10,-3.764031E-02
-2.2963E-10,-3.464286E-02
-2.2181E-10,-3.151786E-02
-2.1400E-10,-2.826531E-02
-2.0619E-10,-2.494898E-02
-1.9838E-10,-2.144133E-02
-1.9056E-10,-1.786990E-02
-1.8275E-10,-1.410714E-02
-1.7494E-10,-1.008929E-02
-1.6713E-10,-5.94388E-03
-1.5931E-10,-1.67092E-03
-1.5150E-10,2.79337E-03
-1.4369E-10,7.32143E-03
-1.3588E-10,1.210459E-02
-1.2806E-10,1.695153E-02
-1.2025E-10,2.205357E-02
-1.1244E-10,2.747449E-02
-1.0463E-10,3.302296E-02
-9.681E-11,3.876276E-02
-8.900E-11,4.475765E-02
-8.119E-11,5.081633E-02
-7.338E-11,5.719388E-02
-6.556E-11,6.369898E-02
-5.775E-11,7.045918E-02
-4.994E-11,7.753827E-02
-4.213E-11,8.487245E-02
-3.431E-11,9.239796E-02
-2.650E-11,1.0011480E-01
-1.869E-11,1.0802296E-01
-1.088E-11,1.1625000E-01
-3.06E-12,1.2466837E-01
4.75E-12,1.3327806E-01
1.256E-11,1.4233418E-01
2.037E-11,1.5151786E-01
2.819E-11,1.6102041E-01
3.600E-11,1.7071429E-01
4.381E-11,1.8066327E-01
5.162E-11,1.9086735E-01
5.944E-11,2.0126276E-01
6.725E-11,2.1191327E-01
7.506E-11,2.2294643E-01
8.287E-11,2.3423469E-01
9.069E-11,2.4577806E-01
9.850E-11,2.5751276E-01
1.0631E-10,2.6943878E-01
1.1412E-10,2.8174745E-01
1.2194E-10,2.9411990E-01
1.2975E-10,3.0687500E-01
1.3756E-10,3.1988520E-01
1.4537E-10,3.3315051E-01
1.5319E-10,3.4667092E-01
1.6100E-10,3.6038265E-01
1.6881E-10,3.7428571E-01
1.7662E-10,3.8844388E-01
1.8444E-10,4.0279337E-01
1.9225E-10,4.1739796E-01
2.0006E-10,4.3232143E-01
2.0787E-10,4.4737245E-01
2.1569E-10,4.6267857E-01
2.2350E-10,4.7817602E-01
2.3131E-10,4.9386480E-01
2.3912E-10,5.0974490E-01
2.4694E-10,5.2581633E-01
2.5475E-10,5.4214286E-01
2.6256E-10,5.5866071E-01
2.7037E-10,5.7536990E-01
2.7819E-10,5.9233418E-01
2.8600E-10,6.0936224E-01
2.9381E-10,6.2664541E-01
3.0162E-10,6.4405612E-01
3.0944E-10,6.6165816E-01
3.1725E-10,6.7938776E-01
3.2506E-10,6.9743622E-01
3.3287E-10,7.1554847E-01
3.4069E-10,7.3385204E-01
3.4850E-10,7.5221939E-01
3.5631E-10,7.7077806E-01
3.6412E-10,7.8952806E-01
3.7194E-10,8.0834184E-01
3.7975E-10,8.2734694E-01
3.8756E-10,8.4647959E-01
3.9537E-10,8.6573980E-01
4.0319E-10,8.8512755E-01
4.1100E-10,9.0464286E-01
4.1881E-10,9.2415816E-01
4.2662E-10,9.4392857E-01
4.3444E-10,9.6369898E-01
4.4225E-10,9.8359694E-01
4.5006E-10,1.00368622E+00
4.5787E-10,1.02377551E+00
4.6569E-10,1.04399235E+00
4.7350E-10,1.06427296E+00
4.8131E-10,1.08455357E+00
4.8912E-10,1.10502551E+00
4.9694E-10,1.12549745E+00
5.0475E-10,1.14603316E+00
5.1256E-10,1.16663265E+00
5.2037E-10,1.18729592E+00
5.2819E-10,1.20795918E+00
5.3600E-10,1.22868622E+00
5.4381E-10,1.24941327E+00
5.5162E-10,1.27020408E+00
5.5944E-10,1.29093112E+00
5.6725E-10,1.31172194E+00
5.7506E-10,1.33251276E+00
5.8287E-10,1.35323980E+00
5.9069E-10,1.37403061E+00
5.9850E-10,1.39469388E+00
6.0631E-10,1.41542092E+00
6.1412E-10,1.43608418E+00
6.2194E-10,1.45668367E+00
6.2975E-10,1.47728316E+00
6.3756E-10,1.49781888E+00
6.4537E-10,1.51822704E+00
6.5319E-10,1.53857143E+00
6.6100E-10,1.55885204E+00
6.6881E-10,1.57900510E+00
6.7662E-10,1.59915816E+00
6.8444E-10,1.61911990E+00
6.9225E-10,1.63908163E+00
7.0006E-10,1.65878827E+00
7.0787E-10,1.67836735E+00
7.1569E-10,1.69788265E+00
7.2350E-10,1.71720663E+00
7.3131E-10,1.73640306E+00
7.3912E-10,1.75547194E+00
7.4694E-10,1.77434949E+00
7.5475E-10,1.79303571E+00
7.6256E-10,1.81153061E+00
7.7037E-10,1.82977041E+00
7.7819E-10,1.84788265E+00
7.8600E-10,1.86573980E+00
7.9381E-10,1.88334184E+00
8.0162E-10,1.90081633E+00
8.0944E-10,1.91803571E+00
8.1725E-10,1.93506378E+00
8.2506E-10,1.95170918E+00
8.3287E-10,1.96809949E+00
8.4069E-10,1.98429847E+00
8.4850E-10,2.00024235E+00
8.5631E-10,2.01586735E+00
8.6412E-10,2.03123724E+00
8.7194E-10,2.04635204E+00
8.7975E-10,2.06121173E+00
8.8756E-10,2.07562500E+00
8.9537E-10,2.08978316E+00
9.0319E-10,2.10362245E+00
9.1100E-10,2.11714286E+00
9.1881E-10,2.13034439E+00
9.2662E-10,2.14322704E+00
9.3444E-10,2.15579082E+00
9.4225E-10,2.16803571E+00
9.5006E-10,2.17989796E+00
9.5787E-10,2.19131378E+00
9.6569E-10,2.20247449E+00
9.7350E-10,2.21318878E+00
9.8131E-10,2.22364796E+00
9.8912E-10,2.23372449E+00
9.9694E-10,2.24341837E+00
1.00475E-09,2.25279337E+00
1.01256E-09,2.26172194E+00
1.02037E-09,2.27020408E+00
1.02819E-09,2.27843112E+00
1.03600E-09,2.28621173E+00
1.04381E-09,2.29367347E+00
1.05162E-09,2.30081633E+00
1.05944E-09,2.30757653E+00
1.06725E-09,2.31395408E+00
1.07506E-09,2.31988520E+00
1.08287E-09,2.32543367E+00
1.09069E-09,2.33066327E+00
1.09850E-09,2.33551020E+00
1.10631E-09,2.34010204E+00
1.11412E-09,2.34424745E+00
1.12194E-09,2.34813776E+00
1.12975E-09,2.35170918E+00
1.13756E-09,2.35477041E+00
1.14537E-09,2.35751276E+00
1.15319E-09,2.36000000E+00
1.16100E-09,2.36216837E+00
1.16881E-09,2.36401786E+00
1.17662E-09,2.36561224E+00
1.18444E-09,2.36688776E+00
1.19225E-09,2.36797194E+00
1.20006E-09,2.36860969E+00
1.20787E-09,2.36899235E+00
1.21569E-09,2.36918367E+00
1.22350E-09,2.36911990E+00
1.23131E-09,2.36886480E+00
1.23912E-09,2.36835459E+00
1.24694E-09,2.36771684E+00
1.25475E-09,2.36688776E+00
1.26256E-09,2.36573980E+00
1.27037E-09,2.36440051E+00
1.27819E-09,2.36299745E+00
1.28600E-09,2.36140306E+00
1.29381E-09,2.35974490E+00
1.30162E-09,2.35789541E+00
1.30944E-09,2.35604592E+00
1.31725E-09,2.35406888E+00
1.32506E-09,2.35190051E+00
1.33287E-09,2.34960459E+00
1.34069E-09,2.34737245E+00
1.34850E-09,2.34507653E+00
1.35631E-09,2.34271684E+00
1.36412E-09,2.34035714E+00
1.37194E-09,2.33799745E+00
1.37975E-09,2.33570153E+00
1.38756E-09,2.33327806E+00
1.39537E-09,2.33079082E+00
1.40319E-09,2.32849490E+00
1.41100E-09,2.32613520E+00
1.41881E-09,2.32390306E+00
1.42662E-09,2.32167092E+00
1.43444E-09,2.31963010E+00
1.44225E-09,2.31758929E+00
1.45006E-09,2.31554847E+00
1.45787E-09,2.31350765E+00
1.46569E-09,2.31172194E+00
1.47350E-09,2.30993622E+00
1.48131E-09,2.30834184E+00
1.48912E-09,2.30674745E+00
1.49694E-09,2.30540816E+00
1.50475E-09,2.30413265E+00
1.51256E-09,2.30285714E+00
1.52037E-09,2.30164541E+00
1.52819E-09,2.30068878E+00
1.53600E-09,2.29973214E+00
1.54381E-09,2.29903061E+00
1.55162E-09,2.29839286E+00
1.55944E-09,2.29788265E+00
1.56725E-09,2.29756378E+00
1.57506E-09,2.29718112E+00
1.58287E-09,2.29692602E+00
1.59069E-09,2.29686224E+00
1.59850E-09,2.29686224E+00
1.60631E-09,2.29698980E+00
1.61412E-09,2.29724490E+00
1.62194E-09,2.29762755E+00
1.62975E-09,2.29813776E+00
1.63756E-09,2.29858418E+00
1.64537E-09,2.29909439E+00
1.65319E-09,2.29985969E+00
1.66100E-09,2.30056122E+00
1.66881E-09,2.30151786E+00
1.67662E-09,2.30241071E+00
1.68444E-09,2.30343112E+00
1.69225E-09,2.30457908E+00
1.70006E-09,2.30566327E+00
1.70787E-09,2.30681122E+00
1.71569E-09,2.30808673E+00
1.72350E-09,2.30936224E+00
1.73131E-09,2.31076531E+00
1.73912E-09,2.31210459E+00
1.74694E-09,2.31363520E+00
1.75475E-09,2.31516582E+00
1.76256E-09,2.31663265E+00
1.77037E-09,2.31809949E+00
1.77819E-09,2.31969388E+00
1.78600E-09,2.32128827E+00
1.79381E-09,2.32294643E+00
1.80162E-09,2.32454082E+00
1.80944E-09,2.32626276E+00
1.81725E-09,2.32798469E+00
1.82506E-09,2.32957908E+00
1.83287E-09,2.33123724E+00
1.84069E-09,2.33295918E+00
1.84850E-09,2.33468112E+00
1.85631E-09,2.33640306E+00
1.86412E-09,2.33812500E+00
1.87194E-09,2.33991071E+00
1.87975E-09,2.34169643E+00
1.88756E-09,2.34335459E+00
1.89537E-09,2.34507653E+00
1.90319E-09,2.34686224E+00
1.91100E-09,2.34852041E+00
1.91881E-09,2.35030612E+00
1.92662E-09,2.35202806E+00
1.93444E-09,2.35387755E+00
1.94225E-09,2.35566327E+00
1.95006E-09,2.35738520E+00
1.95787E-09,2.35904337E+00
1.96569E-09,2.36082908E+00
1.97350E-09,2.36255102E+00
1.98131E-09,2.36427296E+00
1.98912E-09,2.36599490E+00
1.99694E-09,2.36778061E+00
2.00475E-09,2.36956633E+00
2.01256E-09,2.37122449E+00
2.02037E-09,2.37281888E+00
2.02819E-09,2.37454082E+00
2.03600E-09,2.37619898E+00
2.04381E-09,2.37792092E+00
2.05162E-09,2.37951531E+00
2.05944E-09,2.38123724E+00
2.06725E-09,2.38295918E+00
2.07506E-09,2.38455357E+00
2.08287E-09,2.38608418E+00
2.09069E-09,2.38774235E+00
2.09850E-09,2.38927296E+00
2.10631E-09,2.39086735E+00
2.11412E-09,2.39239796E+00
2.12194E-09,2.39399235E+00
2.12975E-09,2.39558673E+00
2.13756E-09,2.39698980E+00
2.14537E-09,2.39839286E+00
2.15319E-09,2.39985969E+00
2.16100E-09,2.40126276E+00
2.16881E-09,2.40266582E+00
2.17662E-09,2.40400510E+00
2.18444E-09,2.40534439E+00
2.19225E-09,2.40674745E+00
2.20006E-09,2.40795918E+00
2.20787E-09,2.40910714E+00
2.21569E-09,2.41031888E+00
2.22350E-09,2.41146684E+00
2.23131E-09,2.41261480E+00
2.23912E-09,2.41369898E+00
2.24694E-09,2.41484694E+00
2.25475E-09,2.41593112E+00
2.26256E-09,2.41688776E+00
2.27037E-09,2.41778061E+00
2.27819E-09,2.41873724E+00
2.28600E-09,2.41963010E+00
2.29381E-09,2.42052296E+00
2.30162E-09,2.42128827E+00
2.30944E-09,2.42218112E+00
2.31725E-09,2.42301020E+00
2.32506E-09,2.42364796E+00
2.33287E-09,2.42428571E+00
2.34069E-09,2.42492347E+00
2.34850E-09,2.42556122E+00
2.35631E-09,2.42613520E+00
2.36412E-09,2.42664541E+00
2.37194E-09,2.42728316E+00
2.37975E-09,2.42785714E+00
2.38756E-09,2.42823980E+00
2.39537E-09,2.42862245E+00
2.40319E-09,2.42906888E+00
2.41100E-09,2.42945153E+00
2.41881E-09,2.42983418E+00
2.42662E-09,2.43015306E+00
2.43444E-09,2.43053571E+00
2.44225E-09,2.43091837E+00
2.45006E-09,2.43117347E+00
2.45787E-09,2.43136480E+00
2.46569E-09,2.43161990E+00
2.47350E-09,2.43187500E+00
2.48131E-09,2.43213010E+00
2.48912E-09,2.43225765E+00
2.49694E-09,2.43251276E+00
2.50475E-09,2.43276786E+00
2.51256E-09,2.43283163E+00
2.52037E-09,2.43295918E+00
2.52819E-09,2.43308673E+00
2.53600E-09,2.43321429E+00
2.54381E-09,2.43334184E+00
2.55162E-09,2.43346939E+00
2.55944E-09,2.43359694E+00
2.56725E-09,2.43378827E+00
2.57506E-09,2.43378827E+00
2.58287E-09,2.43385204E+00
2.59069E-09,2.43391582E+00
2.59850E-09,2.43397959E+00
2.60631E-09,2.43410714E+00
2.61412E-09,2.43410714E+00
2.62194E-09,2.43423469E+00
2.62975E-09,2.43436224E+00
2.63756E-09,2.43429847E+00
2.64537E-09,2.43429847E+00
2.65319E-09,2.43429847E+00
2.66100E-09,2.43429847E+00
2.66881E-09,2.43436224E+00
2.67662E-09,2.43436224E+00
2.68444E-09,2.43442602E+00
2.69225E-09,2.43448980E+00
2.70006E-09,2.43442602E+00
2.70787E-09,2.43436224E+00
2.71569E-09,2.43436224E+00
2.72350E-09,2.43429847E+00
2.73131E-09,2.43436224E+00
2.73912E-09,2.43429847E+00
2.74694E-09,2.43429847E+00
2.75475E-09,2.43436224E+00
2.76256E-09,2.43423469E+00
2.77037E-09,2.43410714E+00
2.77819E-09,2.43404337E+00
2.78600E-09,2.43397959E+00
2.79381E-09,2.43391582E+00
2.80162E-09,2.43378827E+00
2.80944E-09,2.43372449E+00
2.81725E-09,2.43372449E+00
2.82506E-09,2.43353316E+00
2.83287E-09,2.43334184E+00
2.84069E-09,2.43327806E+00
2.84850E-09,2.43308673E+00
2.85631E-09,2.43295918E+00
2.86412E-09,2.43283163E+00
2.87194E-09,2.43276786E+00
2.87975E-09,2.43270408E+00
2.88756E-09,2.43244898E+00
2.89537E-09,2.43225765E+00
2.90319E-09,2.43213010E+00
2.91100E-09,2.43193878E+00
2.91881E-09,2.43181122E+00
2.92662E-09,2.43161990E+00
2.93444E-09,2.43155612E+00
2.94225E-09,2.43149235E+00
2.95006E-09,2.43123724E+00
2.95787E-09,2.43098214E+00
2.96569E-09,2.43085459E+00
2.97350E-09,2.43066327E+00
2.98131E-09,2.43053571E+00
2.98912E-09,2.43040816E+00
2.99694E-09,2.43028061E+00
3.00475E-09,2.43021684E+00
3.01256E-09,2.43002551E+00
3.02037E-09,2.42983418E+00
3.02819E-09,2.42977041E+00
3.03600E-09,2.42957908E+00
3.04381E-09,2.42951531E+00
3.05162E-09,2.42938776E+00
3.05944E-09,2.42938776E+00
3.06725E-09,2.42938776E+00
3.07506E-09,2.42926020E+00
3.08287E-09,2.42913265E+00
3.09069E-09,2.42913265E+00
3.09850E-09,2.42906888E+00
3.10631E-09,2.42913265E+00
3.11412E-09,2.42906888E+00
3.12194E-09,2.42913265E+00
3.12975E-09,2.42926020E+00
3.13756E-09,2.42919643E+00
3.14537E-09,2.42919643E+00
3.15319E-09,2.42926020E+00
3.16100E-09,2.42932398E+00
3.16881E-09,2.42938776E+00
3.17662E-09,2.42945153E+00
3.18444E-09,2.42964286E+00
3.19225E-09,2.42983418E+00
3.20006E-09,2.42983418E+00
3.20787E-09,2.42989796E+00
3.21569E-09,2.43008929E+00
3.22350E-09,2.43015306E+00
3.23131E-09,2.43034439E+00
3.23912E-09,2.43047194E+00
3.24694E-09,2.43072704E+00
3.25475E-09,2.43098214E+00
3.26256E-09,2.43104592E+00
3.27037E-09,2.43117347E+00
3.27819E-09,2.43136480E+00
3.28600E-09,2.43155612E+00
3.29381E-09,2.43174745E+00
3.30162E-09,2.43193878E+00
3.30944E-09,2.43219388E+00
3.31725E-09,2.43244898E+00
3.32506E-09,2.43257653E+00
3.33287E-09,2.43270408E+00
3.34069E-09,2.43295918E+00
3.34850E-09,2.43315051E+00
3.35631E-09,2.43334184E+00
3.36412E-09,2.43353316E+00
3.37194E-09,2.43378827E+00
3.37975E-09,2.43404337E+00
3.38756E-09,2.43417092E+00
3.39537E-09,2.43429847E+00
3.40319E-09,2.43448980E+00
3.41100E-09,2.43468112E+00
3.41881E-09,2.43487245E+00
3.42662E-09,2.43500000E+00
3.43444E-09,2.43519133E+00
3.44225E-09,2.43544643E+00
3.45006E-09,2.43551020E+00
3.45787E-09,2.43557398E+00
3.46569E-09,2.43570153E+00
3.47350E-09,2.43582908E+00
3.48131E-09,2.43595663E+00
3.48912E-09,2.43602041E+00
3.49694E-09,2.43621173E+00
3.50475E-09,2.43633929E+00
3.51256E-09,2.43640306E+00
3.52037E-09,2.43640306E+00
3.52819E-09,2.43653061E+00
3.53600E-09,2.43659439E+00
3.54381E-09,2.43665816E+00
3.55162E-09,2.43672194E+00
3.55944E-09,2.43684949E+00
3.56725E-09,2.43697704E+00
3.57506E-09,2.43697704E+00
3.58287E-09,2.43697704E+00
3.59069E-09,2.43704082E+00
3.59850E-09,2.43710459E+00
3.60631E-09,2.43716837E+00
3.61412E-09,2.43716837E+00
3.62194E-09,2.43729592E+00
3.62975E-09,2.43742347E+00
3.63756E-09,2.43742347E+00
3.64537E-09,2.43735969E+00
3.65319E-09,2.43742347E+00
3.66100E-09,2.43742347E+00
3.66881E-09,2.43755102E+00
3.67662E-09,2.43755102E+00
3.68444E-09,2.43767857E+00
3.69225E-09,2.43774235E+00
3.70006E-09,2.43774235E+00
3.70787E-09,2.43774235E+00
3.71569E-09,2.43780612E+00
3.72350E-09,2.43780612E+00
3.73131E-09,2.43793367E+00
3.73912E-09,2.43793367E+00
3.74694E-09,2.43812500E+00
3.75475E-09,2.43825255E+00
3.76256E-09,2.43825255E+00
3.77037E-09,2.43825255E+00
3.77819E-09,2.43838010E+00
3.78600E-09,2.43844388E+00
3.79381E-09,2.43857143E+00
3.80162E-09,2.43869898E+00
3.80944E-09,2.43882653E+00
3.81725E-09,2.43901786E+00
3.82506E-09,2.43908163E+00
3.83287E-09,2.43908163E+00
3.84069E-09,2.43927296E+00
3.84850E-09,2.43933673E+00
3.85631E-09,2.43952806E+00
3.86412E-09,2.43959184E+00
3.87194E-09,2.43984694E+00
3.87975E-09,2.44003827E+00
3.88756E-09,2.44010204E+00
3.89537E-09,2.44016582E+00
3.90319E-09,2.44035714E+00
3.91100E-09,2.44048469E+00
3.91881E-09,2.44073980E+00
3.92662E-09,2.44086735E+00
3.93444E-09,2.44112245E+00
3.94225E-09,2.44137755E+00
3.95006E-09,2.44144133E+00
3.95787E-09,2.44156888E+00
3.96569E-09,2.44182398E+00
3.97350E-09,2.44195153E+00
3.98131E-09,2.44220663E+00
3.98912E-09,2.44233418E+00
3.99694E-09,2.44265306E+00
4.00475E-09,2.44290816E+00
4.01256E-09,2.44303571E+00
4.02037E-09,2.44316327E+00
4.02819E-09,2.44341837E+00
4.03600E-09,2.44354592E+00
4.04381E-09,2.44380102E+00
4.05162E-09,2.44399235E+00
4.05944E-09,2.44431122E+00
4.06725E-09,2.44456633E+00
4.07506E-09,2.44469388E+00
4.08287E-09,2.44482143E+00
4.09069E-09,2.44507653E+00
4.09850E-09,2.44526786E+00
4.10631E-09,2.44552296E+00
4.11412E-09,2.44571429E+00
4.12194E-09,2.44596939E+00
4.12975E-09,2.44622449E+00
4.13756E-09,2.44641582E+00
4.14537E-09,2.44647959E+00
4.15319E-09,2.44673469E+00
4.16100E-09,2.44692602E+00
4.16881E-09,2.44711735E+00
4.17662E-09,2.44724490E+00
4.18444E-09,2.44750000E+00
4.19225E-09,2.44775510E+00
4.20006E-09,2.44781888E+00
4.20787E-09,2.44794643E+00
4.21569E-09,2.44807398E+00
4.22350E-09,2.44820153E+00
4.23131E-09,2.44839286E+00
4.23912E-09,2.44845663E+00
4.24694E-09,2.44864796E+00
4.25475E-09,2.44883929E+00
4.26256E-09,2.44890306E+00
4.27037E-09,2.44890306E+00
4.27819E-09,2.44903061E+00
4.28600E-09,2.44909439E+00
4.29381E-09,2.44915816E+00
4.30162E-09,2.44922194E+00
4.30944E-09,2.44934949E+00
4.31725E-09,2.44947704E+00
4.32506E-09,2.44941327E+00
4.33287E-09,2.44934949E+00
4.34069E-09,2.44941327E+00
4.34850E-09,2.44941327E+00
4.35631E-09,2.44947704E+00
4.36412E-09,2.44941327E+00
4.37194E-09,2.44954082E+00
4.37975E-09,2.44960459E+00
4.38756E-09,2.44947704E+00
4.39537E-09,2.44941327E+00
4.40319E-09,2.44941327E+00
4.41100E-09,2.44941327E+00
4.41881E-09,2.44941327E+00
4.42662E-09,2.44934949E+00
4.43444E-09,2.44941327E+00
4.44225E-09,2.44947704E+00
4.45006E-09,2.44934949E+00
4.45787E-09,2.44928571E+00
4.46569E-09,2.44928571E+00
4.47350E-09,2.44922194E+00
4.48131E-09,2.44928571E+00
4.48912E-09,2.44922194E+00
4.49694E-09,2.44928571E+00
4.50475E-09,2.44928571E+00
4.51256E-09,2.44922194E+00
4.52037E-09,2.44915816E+00
4.52819E-09,2.44915816E+00
4.53600E-09,2.44909439E+00
4.54381E-09,2.44915816E+00
4.55162E-09,2.44909439E+00
4.55944E-09,2.44922194E+00
4.56725E-09,2.44928571E+00
4.57506E-09,2.44922194E+00
4.58287E-09,2.44915816E+00
4.59069E-09,2.44928571E+00
4.59850E-09,2.44928571E+00
4.60631E-09,2.44934949E+00
4.61412E-09,2.44934949E+00
4.62194E-09,2.44947704E+00
4.62975E-09,2.44960459E+00
4.63756E-09,2.44960459E+00
4.64537E-09,2.44954082E+00
4.65319E-09,2.44966837E+00
4.66100E-09,2.44966837E+00
4.66881E-09,2.44979592E+00
4.67662E-09,2.44985969E+00
4.68444E-09,2.44998724E+00
4.69225E-09,2.45011480E+00
4.70006E-09,2.45011480E+00
4.70787E-09,2.45011480E+00
4.71569E-09,2.45024235E+00
4.72350E-09,2.45030612E+00
4.73131E-09,2.45043367E+00
4.73912E-09,2.45043367E+00
4.74694E-09,2.45062500E+00
4.75475E-09,2.45075255E+00
4.76256E-09,2.45075255E+00
4.77037E-09,2.45081633E+00
4.77819E-09,2.45094388E+00
4.78600E-09,2.45094388E+00
4.79381E-09,2.45107143E+00
4.80162E-09,2.45113520E+00
4.80944E-09,2.45132653E+00
4.81725E-09,2.45145408E+00
4.82506E-09,2.45151786E+00
4.83287E-09,2.45151786E+00
4.84069E-09,2.45164541E+00
4.84850E-09,2.45177296E+00
4.85631E-09,2.45190051E+00
4.86412E-09,2.45202806E+00
4.87194E-09,2.45221939E+00
4.87975E-09,2.45241071E+00
4.88756E-09,2.45247449E+00
4.89537E-09,2.45253827E+00
4.90319E-09,2.45272959E+00
4.91100E-09,2.45285714E+00
4.91881E-09,2.45304847E+00
4.92662E-09,2.45323980E+00
4.93444E-09,2.45349490E+00
4.94225E-09,2.45375000E+00
4.95006E-09,2.45387755E+00
4.95787E-09,2.45400510E+00
4.96569E-09,2.45426020E+00
4.97350E-09,2.45445153E+00
4.98131E-09,2.45470663E+00
4.98912E-09,2.45489796E+00
4.99694E-09,2.45521684E+00
5.00475E-09,2.45559949E+00
5.01256E-09,2.45579082E+00
5.02037E-09,2.45598214E+00
5.02819E-09,2.45636480E+00
5.03600E-09,2.45661990E+00
5.04381E-09,2.45700255E+00
5.05162E-09,2.45732143E+00
5.05944E-09,2.45770408E+00
5.06725E-09,2.45815051E+00
5.07506E-09,2.45840561E+00
5.08287E-09,2.45872449E+00
5.09069E-09,2.45910714E+00
5.09850E-09,2.45942602E+00
5.10631E-09,2.45987245E+00
5.11412E-09,2.46019133E+00
5.12194E-09,2.46063776E+00
5.12975E-09,2.46108418E+00
5.13756E-09,2.46140306E+00
5.14537E-09,2.46172194E+00
5.15319E-09,2.46216837E+00
5.16100E-09,2.46248724E+00
5.16881E-09,2.46293367E+00
5.17662E-09,2.46325255E+00
5.18444E-09,2.46369898E+00
5.19225E-09,2.46414541E+00
5.20006E-09,2.46440051E+00
5.20787E-09,2.46471939E+00
5.21569E-09,2.46510204E+00
5.22350E-09,2.46535714E+00
5.23131E-09,2.46573980E+00
5.23912E-09,2.46599490E+00
5.24694E-09,2.46637755E+00
5.25475E-09,2.46669643E+00
5.26256E-09,2.46688776E+00
5.27037E-09,2.46707908E+00
5.27819E-09,2.46733418E+00
5.28600E-09,2.46752551E+00
5.29381E-09,2.46778061E+00
5.30162E-09,2.46797194E+00
5.30944E-09,2.46822704E+00
5.31725E-09,2.46841837E+00
5.32506E-09,2.46854592E+00
5.33287E-09,2.46860969E+00
5.34069E-09,2.46873724E+00
5.34850E-09,2.46880102E+00
5.35631E-09,2.46892857E+00
5.36412E-09,2.46899235E+00
5.37194E-09,2.46911990E+00
5.37975E-09,2.46924745E+00
5.38756E-09,2.46918367E+00
5.39537E-09,2.46911990E+00
5.40319E-09,2.46918367E+00
5.41100E-09,2.46911990E+00
5.41881E-09,2.46911990E+00
